serie,cluster
AAAFFM,0
BAAFFM,0
COMPAPFFx,0
T1YFFM,0
T5YFFM,0
TB3SMFFM,0
TB6SMFFM,0
AMDMNOx,1
AWOTMAN,1
CMRMTSPLx,1
CUMFNS,1
IPBUSEQ,1
IPCONGD,1
IPDCONGD,1
IPDMAT,1
IPFINAL,1
IPFPNSS,1
IPMANSICS,1
IPMAT,1
IPNMAT,1
HOUST,2
HOUSTMW,2
HOUSTNE,2
HOUSTS,2
HOUSTW,2
PERMIT,2
PERMITMW,2
PERMITNE,2
PERMITS,2
PERMITW,2
BUSLOANS,3
CLAIMSx,3
ISRATIOx,3
UEMPLT5,3
UNRATE,3
AAA,4
BAA,4
CP3Mx,4
GS1,4
GS10,4
GS5,4
TB3MS,4
TB6MS,4
IPB51222S,5
IPNCONGD,5
M1SL,6
OILPRICEx,6
PPICMM,6
WPSFD49207,6
WPSFD49502,6
WPSID61,6
WPSID62,6
AMDMUOx,7
AWHMAN,7
BUSINVx,7
CES0600000007,7
CES1021000001,7
EXUSUKx,7
DTCOLNVHFNM,8
DTCTHFNM,8
NONREVSL,8
CPIMEDSL,9
CUSR0000SAS,9
DSERRG3M086SBEA,9
S&P div yield,10
UEMP15OV,10
UEMP15T26,10
UEMP27OV,10
VIXCLSx,10
BOGMBASE,11
TOTRESNS,11
CPITRNSL,12
CPIULFSL,12
CUSR0000SA0L2,12
CUSR0000SA0L5,12
CUSR0000SAC,12
DNDGRG3M086SBEA,12
PCEPI,12
CES0600000008,13
CES2000000008,13
CES3000000008,13
CE16OV,14
CLF16OV,14
CONSPI,14
CPIAPPSL,14
DMANEMP,14
DPCERA3M086SBEA,14
HWI,14
HWIURATIO,14
IPFUELS,14
MANEMP,14
NDMANEMP,14
PAYEMS,14
RETAILx,14
SRVPRD,14
UEMPMEAN,14
UMCSENTx,14
USCONS,14
USFIRE,14
USGOOD,14
USGOVT,14
USTPU,14
USTRADE,14
USWTRADE,14
W875RX1,14
INVEST,15
REALLN,15
M2REAL,16
M2SL,16
RPI,16
S&P PE ratio,16
UEMP5TO14,16
CUSR0000SAD,17
DDURRG3M086SBEA,17
EXCAUSx,18
EXJPUSx,18
EXSZUSx,18
NONBORRES,18
