cluster,n_series,series_membro,variavel_dominante,pvalue_dominante,r_squared,durbin_watson,bg_pvalue,classificacao_familia,rotulo_proposto
0,7,"AAAFFM, BAAFFM, COMPAPFFx, T1YFFM, T5YFFM, TB3SMFFM, TB6SMFFM",T10YFFM,6.1339210378969454e-77,0.8429777717637157,0.34691746986478544,2.3142664447709207e-100,mesma_familia_construcao,"Prêmios de prazo e de crédito sobre a taxa básica (sanidade do método, confirmado pelo orientador: tautologia de construção, os membros e a variável dominante T10YFFM compartilham o termo subtraído Fed Funds)"
1,13,"AMDMNOx, AWOTMAN, CMRMTSPLx, CUMFNS, IPBUSEQ, IPCONGD, IPDCONGD, IPDMAT, IPFINAL, IPFPNSS, IPMANSICS, IPMAT, IPNMAT",INDPRO,6.450737467624068e-190,0.9322449138989015,2.3386829691921536,2.3196798644732856e-05,mesma_familia,Produção industrial (sanidade do método — membros são sub-índices oficiais do INDPRO)
2,10,"HOUST, HOUSTMW, HOUSTNE, HOUSTS, HOUSTW, PERMIT, PERMITMW, PERMITNE, PERMITS, PERMITW",INDPRO,0.009134500348681419,0.10034966279255464,0.11823104659155101,2.2201360726250834e-126,,Construção residencial
3,5,"BUSLOANS, CLAIMSx, ISRATIOx, UEMPLT5, UNRATE",INDPRO,0.0017032905510953095,0.47642905841686334,2.1336082164731023,2.628498206230424e-10,familia_diferente,Crédito e desemprego de curto prazo
4,8,"AAA, BAA, CP3Mx, GS1, GS10, GS5, TB3MS, TB6MS",FEDFUNDS,1.096876225194093e-22,0.4551351637141593,1.65345931539042,5.500621494894597e-10,familia_diferente,Curva de juros e custo de crédito
5,2,"IPB51222S, IPNCONGD",INDPRO,0.0002514977821314213,0.09844215610882667,2.5116403475765168,6.629833701114101e-15,,Produção de bens de consumo não duráveis
6,7,"M1SL, OILPRICEx, PPICMM, WPSFD49207, WPSFD49502, WPSID61, WPSID62",CPIAUCSL,6.424009700324302e-20,0.3133140094363003,2.9041584497413337,5.029004621778231e-48,,Preços ao produtor e commodities
7,6,"AMDMUOx, AWHMAN, BUSINVx, CES0600000007, CES1021000001, EXUSUKx",TWEXAFEGSMTHx,7.48157779077972e-08,0.1714704647934736,0.49602019804998954,1.5306040776001104e-83,,Horas trabalhadas e estoques industriais (variável dominante instável entre câmbio e INDPRO conforme a regressão de robustez)
8,3,"DTCOLNVHFNM, DTCTHFNM, NONREVSL",CPIAUCSL,0.042596228732607426,0.013410201698445312,2.8933354654535504,1.0537949111152412e-43,,Crédito ao consumidor (sem relação clara com as 6 variáveis de referência)
9,3,"CPIMEDSL, CUSR0000SAS, DSERRG3M086SBEA",CPIAUCSL,5.557692862722683e-06,0.08692000717648929,2.8481190752913217,6.128904494122718e-40,,Preços de serviços e saúde
10,5,"S&P div yield, UEMP15OV, UEMP15T26, UEMP27OV, VIXCLSx",S&P 500,1.295663422598912e-18,0.21160276191355543,1.224909841046668,2.782881862625042e-28,,Volatilidade de mercado e desemprego de longa duração
11,2,"BOGMBASE, TOTRESNS",S&P 500,0.04173421872527061,0.06676015313873129,2.096762005193789,6.672645610660876e-18,,Base monetária e reservas bancárias
12,7,"CPITRNSL, CPIULFSL, CUSR0000SA0L2, CUSR0000SA0L5, CUSR0000SAC, DNDGRG3M086SBEA, PCEPI",CPIAUCSL,2.1289388037887966e-73,0.874185320550132,2.920541542742963,9.917973872407731e-45,mesma_familia,Núcleo de inflação ao consumidor (sanidade do método — membros são sub-índices oficiais do CPIAUCSL)
13,3,"CES0600000008, CES2000000008, CES3000000008",FEDFUNDS,0.1263268134845319,0.004707048890806642,3.1910118348319334,1.371306597891994e-74,,Salários (sem relação clara com as 6 variáveis de referência)
14,24,"CE16OV, CLF16OV, CONSPI, CPIAPPSL, DMANEMP, DPCERA3M086SBEA, HWI, HWIURATIO, IPFUELS, MANEMP, NDMANEMP, PAYEMS, RETAILx, SRVPRD, UEMPMEAN, UMCSENTx, USCONS, USFIRE, USGOOD, USGOVT, USTPU, USTRADE, USWTRADE, W875RX1",INDPRO,0.0014206377731623312,0.6082583288110098,2.2015269589225337,8.59868541390769e-06,familia_diferente,Emprego e consumo — atividade real ampla
15,2,"INVEST, REALLN",INDPRO,0.015637995705606707,0.00821235589943714,2.676407510408804,1.0519125913087292e-34,,Crédito imobiliário bancário (sem relação clara com as 6 variáveis de referência)
16,5,"M2REAL, M2SL, RPI, S&P PE ratio, UEMP5TO14",S&P 500,2.123990367902582e-09,0.27639324459152215,1.9405607152628517,0.0015031456360089692,,Agregados monetários e avaliação de mercado
17,2,"CUSR0000SAD, DDURRG3M086SBEA",CPIAUCSL,0.00037254377408921317,0.0467755781323872,2.4631641993688818,8.276921354290461e-20,,Preços de bens duráveis
18,4,"EXCAUSx, EXJPUSx, EXSZUSx, NONBORRES",TWEXAFEGSMTHx,2.636178511197609e-268,0.74334782522405,2.536617461841539,1.8486695761185592e-09,familia_diferente,Câmbio e reservas bancárias
