cluster,n_series,media,desvio_padrao,minimo,maximo,variancia,rotulo_proposto
0,7,0.0,0.8762348783156894,-5.313953297938629,1.6828975444427168,0.767787561976911,"Prêmios de prazo e de crédito sobre a taxa básica (sanidade do método, confirmado pelo orientador: tautologia de construção, os membros e a variável dominante T10YFFM compartilham o termo subtraído Fed Funds)"
1,13,-4.833624052789797e-18,0.8131458551215778,-12.38992647637001,5.778748213180079,0.6612061817014019,Produção industrial (sanidade do método — membros são sub-índices oficiais do INDPRO)
2,10,4.833624052789798e-16,0.8769486076356146,-2.859456388072992,1.7587576342432356,0.7690388604340431,Construção residencial
3,5,-9.06304509898087e-19,0.7392748718838075,-8.625968539457007,12.114467802161945,0.54652733619882,Crédito e desemprego de curto prazo
4,8,4.833624052789797e-18,0.8650201144809285,-7.919862734146745,4.106317224573535,0.7482597984565986,Curva de juros e custo de crédito
5,2,-9.667248105579594e-18,0.8647203900440662,-3.521701178899946,2.997354659661698,0.7477413529579621,Produção de bens de consumo não duráveis
6,7,4.5315225494904345e-18,0.6735954072151779,-3.6218561370512523,7.580819532686538,0.45373077262138134,Preços ao produtor e commodities
7,6,8.797195776077431e-16,0.5442863391954653,-2.5806354324073384,1.982955892065412,0.2962476190348012,Horas trabalhadas e estoques industriais (variável dominante instável entre câmbio e INDPRO conforme a regressão de robustez)
8,3,0.0,0.8083264542277706,-8.285382778860194,8.491120546762039,0.6533916566044401,Crédito ao consumidor (sem relação clara com as 6 variáveis de referência)
9,3,3.625218039592348e-18,0.6742040840683343,-3.1187638603806027,3.4961171986295754,0.4545511469744216,Preços de serviços e saúde
10,5,3.7460586409120925e-17,0.6035745888946136,-1.4634170354140916,5.735621246397093,0.36430228435930184,Volatilidade de mercado e desemprego de longa duração
11,2,-4.229421046191073e-18,0.9181123764441034,-6.1613833221461,7.873616684115124,0.8429303357798389,Base monetária e reservas bancárias
12,7,-1.0271451112178318e-17,0.9195653927157786,-5.277792799328491,4.151561093047923,0.8456005114805243,Núcleo de inflação ao consumidor (sanidade do método — membros são sub-índices oficiais do CPIAUCSL)
13,3,-1.6313481178165567e-17,0.809455702862829,-6.9823543971070805,4.502121326951873,0.6552185348971564,Salários (sem relação clara com as 6 variáveis de referência)
14,24,-4.833624052789797e-18,0.6695731177302126,-14.947007524717295,3.7861704071043842,0.44832815998695713,Emprego e consumo — atividade real ampla
15,2,-1.0724603367127363e-17,0.7644510806148982,-8.325948099461176,5.336603901540487,0.5843854546532856,Crédito imobiliário bancário (sem relação clara com as 6 variáveis de referência)
16,5,9.667248105579594e-18,0.5506208158603386,-1.8628748129954227,8.85655737118322,0.30318328285870494,Agregados monetários e avaliação de mercado
17,2,0.0,0.8368281431714008,-5.23347236676785,5.432524663938329,0.7002813412036945,Preços de bens duráveis
18,4,-7.250436079184696e-18,0.6049162714089893,-5.51508960719494,4.714536236941696,0.36592369541535397,Câmbio e reservas bancárias
