cluster_kmeans,achado_genuino,n_series_kmeans,ward_melhor_cluster,ward_tamanho,membros_kmeans_no_ward,jaccard_ward,n_grupos_ward_que_contem_membros,todos_juntos_no_ward
0,False,7,3,7,7,1.0,1,True
1,False,13,17,9,9,0.6923076923076923,3,False
2,False,10,14,10,10,1.0,1,True
3,True,5,4,8,5,0.625,1,True
4,True,8,2,8,8,1.0,1,True
5,False,2,10,2,2,1.0,1,True
6,False,7,1,5,5,0.7142857142857143,3,False
7,False,6,15,4,3,0.42857142857142855,3,False
8,False,3,8,4,3,0.75,1,True
9,False,3,13,12,3,0.25,1,True
10,False,5,11,4,3,0.5,2,False
11,False,2,4,8,2,0.25,1,True
12,False,7,0,7,7,1.0,1,True
13,False,3,12,3,3,1.0,1,True
14,True,24,18,12,12,0.5,5,False
15,False,2,13,12,2,0.16666666666666666,1,True
16,False,5,6,4,3,0.5,3,False
17,False,2,13,12,2,0.16666666666666666,1,True
18,True,4,9,2,2,0.5,3,False
