date,INDPRO,CPIAUCSL,FEDFUNDS,T10YFFM,S&P 500
1965-01-01,0.9525033640850757,-0.11950202208192845,0.0993546144178467,-0.4075082256890917,0.5370026018761012
1965-02-01,0.4772877373440551,-0.35025640132112795,0.1586286741557673,-0.44373446491036433,0.03697910296751609
1965-03-01,1.2091248415090061,0.3432294141757844,0.13887065424312683,-0.479960704131637,-0.13879189774967202
1965-04-01,0.28228842726557524,0.457465266888356,0.07959659450520708,-0.5161869433529097,0.19585306257288496
1965-05-01,0.643499153353745,0.3395578656712054,0.020322534767286474,-0.5161869433529097,0.24383308904215306
1965-06-01,0.6368494431336995,0.33629034930549556,-0.09822558470855298,-0.479960704131637,-1.5074612745365519
1965-07-01,0.8090006248447668,-1.8365648040179365,0.07959659450520708,-0.5161869433529097,-0.206473106868245
1965-08-01,0.2694938938750709,-0.0036734822609386653,0.059838574592567466,-0.5041115302791521,0.3447430300047049
1965-09-01,0.0907578665440537,1.1415190019770731,-0.19701568427175456,-0.4135459322259704,0.7431404882386884
1965-10-01,0.8808585599730414,-0.461749577591487,0.11911263433048808,-0.4195836387628492,0.4497087886501541
1965-11-01,0.2617899125364135,0.7942977383481588,0.04008055467992609,-0.371281986467819,0.06438903905445023
1965-12-01,1.124792659433482,-0.0069336901760970035,0.43524095293272896,-0.4014705191522129,-0.290351558402373
1966-01-01,0.853664781065926,-0.7998803854313057,0.19814471398104655,-0.46788529105787946,0.3101805932952289
1966-02-01,0.505044581826567,1.917303467280504,0.356208873282167,-0.44373446491036433,-0.35124217838750726
1966-03-01,1.2558308495831771,-1.1391416998579633,0.11911263433048808,-0.44977217144724313,-1.3229848776701003
1966-04-01,-0.008065109850257178,-0.006838482751810348,0.020322534767286474,-0.534300062963546,0.6679395163482993
1966-05-01,0.8216947571625381,-0.3419355504045083,0.45499897284536855,-0.6550541937011216,-1.656518582295676
1966-06-01,0.3200146112475715,-0.45138223100094793,0.5340310524959271,-0.7999591505862121,-0.3942422284537613
1966-07-01,0.39947831265845835,0.4422717735072955,0.2574187737189671,-0.751657498291182,-0.23490152297342212
1966-08-01,-0.09321947222486142,1.4373486051240558,0.45499897284536855,-0.7697706179018183,-1.8859630161215026
1966-09-01,0.8019552110628693,-1.1191616028702585,-0.25628974400967347,-0.7154312590699092,-1.1539052167234796
1966-10-01,0.5515280481841249,-0.0067180117184123065,0.2574187737189671,-0.8965624551762726,-0.40656016877089524
1966-11-01,-0.9017021902933238,-0.775575260322242,0.45499897284536683,-0.9448641074713029,1.1838871575209688
1966-12-01,0.06787664014618554,0.10619144388050884,-0.7107242020003934,-0.9207132813237877,-0.048587269806629425
1967-01-01,0.32036895051011555,-0.6626187829928527,-0.9083044011267949,-0.7999591505862121,0.875004960749616
1967-02-01,-1.3752851443657055,1.3135959031173385,0.11911263433048631,-0.805996857123091,0.7710156254559916
1967-03-01,-0.7697995893325297,-1.1005776823138846,-0.9280624210394345,-0.5765640087216974,0.4791854833932627
1967-04-01,0.8129357313643727,1.09056333344815,-0.9478204409520758,-0.25656556226712224,0.3071579692290482
1967-05-01,-1.097187993675354,-1.0972577666029397,-0.21677370418439332,-0.033170420402607495,0.3260910601277623
1967-06-01,-0.18799682451949165,2.174594074433271,0.07959659450520708,0.04531976457681661,-0.5122893375942866
1967-07-01,-0.4148639701166062,-1.0972182471880696,-0.3748378634855138,0.2445640802938163,0.308755936981401
1967-08-01,1.822279304301824,-0.006588089156053424,0.21790273389368706,0.25060178683069495,0.27158724332595247
1967-09-01,-0.3459399566554776,-0.00656876945549939,0.17838669406840782,0.2083378410725436,0.21874978599076922
1967-10-01,0.6785018409803202,-0.006549621996317353,-0.21677370418439418,0.38343133064202817,-0.20749354208687185
1967-11-01,1.3196839657590604,1.0615267375377457,0.4945150126706478,0.3955067437157857,-1.0438792367447476
1967-12-01,0.9522372845108018,-1.0777151941685161,0.7513692715349681,0.1358853626299982,0.611312880899399
1968-01-01,-0.28818452613891204,-0.006474714196197323,0.1981447139810483,-0.02109500732884993,-0.23965886489867158
1968-02-01,0.20140956493150178,-0.006456397918531069,0.19814471398104655,-0.06939665962388018,-1.4393727331498383
1968-03-01,0.1531579021462834,-0.006438242076806441,0.6723371918844079,-0.16599996421394064,-0.6738955068555408
1968-04-01,-0.022769257650524392,-0.006420244800721131,1.4033839286520897,-0.6550541937011216,1.8029467490194127
1968-05-01,0.9990199648083455,-0.006402404251120454,0.7118532317096888,-0.7275066721436668,0.46340659879764595
1968-06-01,0.21094104640325875,1.0370132955251938,-0.09822558470855298,-0.7939214440493334,0.5678249408759654
1968-07-01,-0.3364925880639463,-0.015357719654083113,-0.07846756479591337,-0.8965624551762726,-0.21923208506371242
1968-08-01,0.11823149824204376,-1.0467109155605996,0.000564514854646857,-0.9509018140081815,-0.7736940439943588
1968-09-01,0.22286039802168514,-0.006298552386542634,-0.4933859829613541,-0.7758083244386971,0.7190942673360267
1968-10-01,0.03394622148889355,1.01935626436608,0.2574187737189671,-0.7818460309755759,0.508799152311861
1968-11-01,1.1775085649288901,-1.0348045179583671,-0.1772576643591132,-0.6550541937011216,0.25805089905165424
1968-12-01,0.15687830382611204,1.0107506071654622,0.3957249131074463,-0.5765640087216974,0.1223831016802666
1969-01-01,0.45971429888757154,-1.026051531089353,0.5537890724085685,-0.7395820852174244,-1.3560776643927432
1969-02-01,0.496374232581747,-0.006183947970483708,0.613063132146489,-0.8361853898074848,-0.2998982188263626
1969-03-01,0.6471045958793712,2.002376826757677,0.356208873282167,-0.8784493355656363,-0.7691894849829014
1969-04-01,-0.5626932543549641,-1.0229167181313974,1.2255617494383295,-1.3312773258315447,0.38626099518722334
1969-05-01,-0.5736910517362127,-1.0061943807017966,2.4900750238472913,-2.001462751425089,0.7207514197440626
1969-06-01,0.8483615304198381,0.9830824845664684,0.45499897284536855,-1.9893873383513312,-1.644246536696004
1969-07-01,0.3791826456709568,-0.014143076678069896,-0.5724180626119161,-1.7237282507286649,-1.4262324904227655
1969-08-01,0.06652571936186459,-0.9924763361025926,1.1465296697877694,-2.0920283494782703,-0.3191602495232212
1969-09-01,-0.19857440702209098,0.9698069494085951,-0.07846756479591162,-1.784105316097453,-0.06767609932664202
1969-10-01,-0.14404744529399036,-0.013854039817615349,-0.2958057838349544,-1.7297659572655437,0.1292199319015175
1969-11-01,-1.1717114877096415,-0.013741666568491151,-0.2958057838349544,-1.615049533064847,0.03446431403459351
1969-12-01,-0.45782160539549016,-0.013631086527296552,0.2376607538063293,-1.3795789781265748,-1.6678550680506474
1970-01-01,-2.141808833097306,-0.013522261740654249,0.020322534767286474,-1.3010887931471506,-0.4077120224498617
1970-02-01,-0.24420356116079303,-0.013415155256727481,0.000564514854646857,-1.6331626526754834,-1.1443488788464438
1970-03-01,-0.3116647528303625,-0.013309731088613549,-2.409913914487439,-0.9992034663032118,0.30370834769984917
1970-04-01,-0.445866324825678,-0.013205954188173387,0.6723371918844079,-1.0112788793769694,-1.0181206455045704
1970-05-01,-0.29770968805876014,-0.9485174065753853,-0.2958057838349527,-0.6007148348692126,-3.538964453611088
1970-06-01,-0.5158879329627251,0.9272259290951255,-0.6712081621751141,-0.43769675837348554,-0.3353586367749336
1970-07-01,0.08297119487562876,-0.9411623788752137,-0.7897562816509555,-0.4316590518366068,-0.11680149737901531
1970-08-01,-0.36272254737879345,-0.005736431263784821,-1.165158659991115,-0.02713271386572871,0.6264248236800815
1970-09-01,-0.9027303442938202,0.9177428744862042,-0.6514501422624746,0.0815460037980893,1.4392895245283397
1970-10-01,-2.3014557199372003,-0.012758448006962388,-0.1772576643591132,0.09965912340872551,0.42776834891893745
1970-11-01,-0.8142027958248971,-0.012663143783573446,-1.1849166799037565,0.16607389531439212,-0.1937032993565919
1970-12-01,2.214472696447122,-0.012569279938610211,-1.3824968790301544,0.31701655873636153,1.6638867589669823
1971-01-01,0.6313816389052953,-0.9174514201663416,-1.5010449985059973,0.685316657485967,0.8707180903110397
1971-02-01,-0.37565716360435647,-0.9105927640860282,-0.8292723214762338,0.8604101470554515,0.8845344117350393
1971-03-01,-0.2889233484831781,0.9016273759971417,-0.019193505057993637,0.6189018855803003,0.534701047859192
1971-04-01,0.41443934035455793,-0.005606830894674801,0.8896754109234489,0.43173298293705825,0.7624287130065737
1971-05-01,0.35753031105297306,0.8926338583513896,0.9291914507487282,0.4800346352320885,-0.5420482211689224
1971-06-01,0.2654915666002991,-0.012251688945638883,0.5537890724085685,0.3894690371789069,-0.679855728893537
1971-07-01,-0.4806555812936894,-0.9015547180152894,0.7908853113602473,0.2747526129782101,-0.3642877894017355
1971-08-01,-0.7876559067546793,-0.005540537560879259,0.5142730325832892,0.033244351503059044,-0.6594385206206668
1971-09-01,1.5216572885206463,-0.0055297727791399085,-0.03895152497063413,-0.2263770295827284,0.4422783059402714
1971-10-01,0.6100517205169,-0.005519087053276075,-0.6909661820877538,-0.14184913806642552,-0.7565643370025577
1971-11-01,0.27050881512031305,-0.005508479611179957,-0.5724180626119143,-0.039208126939486276,-1.474591283761836
1971-12-01,1.0329557553026292,-0.005497949690698143,-1.520803018418637,0.4981477548427249,1.6744868056853366
1972-01-01,2.3115159849895206,-0.005487496537383855,-1.2441907396416754,0.8966363862767243,0.9621628964737226
1972-02-01,0.8817860680177402,0.8688574323881288,-0.4143539033107939,1.1019184085306026,0.33891791344843614
1972-03-01,0.5503351264840635,-1.7541359211546321,1.0477395702245695,0.76984454900227,0.4841388074382194
1972-04-01,0.8728079220746013,0.8688779615119877,0.6723371918844079,0.6370150051909367,0.1162931089071809
1972-05-01,-0.16039049228311164,-0.005446436844673546,0.19814471398104655,0.5404117006008765,-0.4447706003274672
1972-06-01,0.10334943326474623,-0.005436356541077414,0.37596689319480836,0.4136198633264219,-0.0874469097516552
1972-07-01,-0.29258326106211535,-0.005426348670633827,0.17838669406840693,0.35928050449451304,-0.36949357395132765
1972-08-01,1.2812511674830265,-0.005416412540870141,0.5142730325832874,0.2687149064413313,0.7974098973089736
1972-09-01,0.6615328768293761,0.8543730752411183,0.11911263433048808,0.43173298293705825,-0.5650682514153571
1972-10-01,1.153380825712091,-0.867216186710012,0.356208873282167,0.2868280260519676,-0.11381563173532853
1972-11-01,1.0619151955448327,0.8483117165406924,0.020322534767286474,0.15399848224063456,1.1874915061993327
1972-12-01,0.9910179887607243,-0.861067920774206,0.5340310524959287,0.039282058039937826,0.40548012605684075
1973-01-01,0.583148134923377,0.8423354239114575,1.20580372952569,-0.2686409753408798,0.04641070790564944
1973-02-01,1.3189208206857932,0.8304844320996729,1.2650777892636087,-0.5463754760373035,-1.1613197627071656
1973-03-01,-0.12360581389923044,0.8130506760055607,1.0082235303992886,-0.8120345636599696,-0.6028354820282099
1973-04-01,-0.3299473040237235,-0.8604304997122411,0.059838574592567466,-0.8542985094181211,-0.6849004215991867
1973-05-01,0.5397886755843392,-0.8429966709329053,1.4231419485647292,-1.1803346624095752,-0.9512401450869802
1973-06-01,-0.03313345026862188,0.8080329267424827,1.2848358091762502,-1.5425970546223016,-0.7893216136739117
1973-07-01,0.19877858083895156,-2.46558484456467,3.7743463181688943,-2.5569317528179356,0.09793461334959992
1973-08-01,-0.31880342815034496,6.481798163850675,0.19814471398104655,-2.4542907416909965,-0.6910991489375815
1973-09-01,0.6628773913541097,-4.885220963082636,0.5537890724085667,-2.8105154273668442,0.31038579098379937
1973-10-01,0.7115934088175827,1.5787511910658485,-1.5208030184186352,-2.5267432201335422,0.9124800658351265
1973-11-01,0.30210988173520426,-0.8179732814002802,0.04008055467992609,-2.5750448724285726,-2.1985095204797482
1973-12-01,-0.47767807874428775,0.7629103618294362,-0.15749964444647357,-2.520705513596664,-2.190964097987427
1974-01-01,-0.8706663836638409,0.7430093051985079,-0.5921760825245522,-2.188631654068331,0.22045856643608353
1974-02-01,-0.5087967855963178,-0.04461641492492964,-1.3429808392048752,-1.7961807291712102,-0.9390699564856783
1974-03-01,-0.17077130917372604,-0.043748479038675264,0.7513692715349664,-1.8746709141506346,0.9900026302793911
1974-04-01,-0.4822249585971458,-1.543063986171986,2.2924948247208916,-2.3939136763222093,-1.6125023808474634
1974-05-01,0.6556386521111093,1.4734656283422438,1.5812061078658515,-2.83466625351436,-1.0101023750084406
1974-06-01,-0.36068601600406697,-0.7786949639616838,1.2255617494383277,-3.2331548849483593,-0.1273191183735091
1974-07-01,0.05155997963962968,-0.7600388061013038,1.9566084862060111,-3.6678697556036317,-3.59048279458133
1974-08-01,-1.2983671572372362,2.1633951598674854,-1.7974152971955968,-2.9795712103994507,-1.3302393054560129
1974-09-01,-0.17516927842903882,0.6595860591901966,-1.3232228192922355,-2.5750448724285726,-3.197026150125692
1974-10-01,-0.4619359726413269,-2.193003216046428,-2.528462033963277,-1.886746327224392,0.3655939510761089
1974-11-01,-3.698527879424513,0.6771085677324267,-1.2046746998163977,-1.6512757722861198,0.7353349451906838
1974-12-01,-4.043089486553638,-0.7333603199305061,-1.8171733171082365,-1.2467494343152417,-2.02248694829713
1975-01-01,-1.650929581565392,-0.02482310352526129,-2.7655582729149577,-0.3592065733940615,2.0077682150194347
1975-02-01,-2.616753764012223,-0.7111763212930974,-1.7578992573703158,0.11173453648248308,2.5650109448933494
1975-03-01,-1.3573880043960267,-0.6991897295317666,-1.3824968790301562,0.7396560163178759,1.0758093733452332
1975-04-01,0.07037620738731615,-0.008534598273046977,-0.09822558470855298,1.0717298758462088,0.14377926732934884
1975-05-01,-0.5214271097770801,-0.688716157018715,-0.5329020227866351,1.1321069412149964,1.5354601014713536
1975-06-01,0.4852969670226925,2.028387128707077,0.6525791719717683,0.8121084947604212,0.531636877011234
1975-07-01,0.9224501498573756,0.6465762099374279,1.0872556100498487,0.600788765969664,-0.13736224133863462
1975-08-01,0.8553203804436124,-2.029954900815875,0.07959659450520708,0.7819199620760272,-2.2659611139661324
1975-09-01,1.174977753348536,1.3184732893259303,0.1981447139810483,0.7396560163178759,-0.5012650363782978
1975-10-01,0.286903363484205,-0.6806901753944107,-0.8292723214762346,0.8181462012973,1.0789397110264045
1975-11-01,-0.03358684015785884,0.6402230041525226,-1.1849166799037565,1.1260692346781176,0.2993857963385938
1975-12-01,1.252271108039253,-0.6719260604944711,-0.03895152497063238,1.1079561150674813,-0.587372908306093
1976-01-01,1.204055385284107,-0.6612091275793808,-0.6514501422624746,1.1502200608256328,2.2653324904744103
1976-02-01,0.8520606168168048,-0.6541709966888236,-0.19701568427175456,1.2407856588788144,0.8816562196492147
1976-03-01,0.05238706320248608,-0.0045042076885168075,0.1388706542431277,1.16229547389939,-0.0273686228787095
1976-04-01,0.345883395153446,-0.004500079260686492,-0.03895152497063238,1.0717298758462088,0.053351718475907826
1976-05-01,0.2714578029639593,1.2798292177472346,0.9291914507487282,0.9932396908667844,-0.3545364274196779
1976-06-01,-0.06692457736502956,-0.013576457059535248,0.37596689319480836,0.8543724405185726,-0.0010462671858816376
1976-07-01,0.42274970461112177,-0.013468495982480403,-0.33532182366023544,0.9389003320348756,0.47905204372668064
1976-08-01,0.546392509411063,-0.013362235095156732,-0.03895152497063238,0.9147495058873605,-0.40371959690443315
1976-09-01,0.18824051817364487,-0.013257638884779713,-0.07846756479591337,0.8302216143710575,0.4175320545455297
1976-10-01,-0.20697983338457196,-0.013154672759828004,-0.45386994313607487,0.8604101470554515,-1.1227142810230766
1976-11-01,1.4170144602752033,-0.6347854613381413,-0.1377416245338322,0.8302216143710575,-0.3545364274196779
1976-12-01,0.9567581276879996,0.6119697605075144,-0.592176082524554,0.7577691359285124,0.7743972266273079
1977-01-01,-0.9139390843265881,-0.012887812202279773,-0.07846756479591337,0.9872019843299058,-0.40257099338801744
1977-02-01,1.4747186042638651,1.820876082419237,0.13887065424312595,1.0536167562355723,-0.9191550445131705
1977-03-01,1.1614889517656275,-1.8556145671168212,0.02032253476728823,1.089842995456845,-0.2737890768746423
1977-04-01,0.8315018678229033,0.5905571385464754,0.07959659450520708,1.011352810477421,-0.5929005331977648
1977-05-01,0.6515751268261029,-1.21854521993849,1.2255617494383277,0.6913543640228457,-0.2451844353256771
1977-06-01,0.6403123173637959,0.5907388276629967,0.07959659450520708,0.5585248202115127,-0.0164825431562629
1977-07-01,-0.04043990569419112,-0.012236976710495848,0.059838574592567466,0.57060023328527,0.08762574101964772
1977-08-01,-0.07100566253006428,-0.012149464183057965,0.9489494706613696,0.3230542652732403,-0.8476410158070442
1977-09-01,0.2580603536588422,-0.6013659938932454,0.4747569927580064,0.141923069166877,-0.5968912114274271
1977-10-01,-0.02650444055662871,0.5801921391212712,0.6525791719717683,0.05135747111369539,-0.8879792162235416
1977-11-01,0.01845086668234623,0.5716729047983106,0.07959659450520708,0.06343288418745295,-0.005663801647548082
1977-12-01,0.013328809766417435,-0.5982471272282954,0.0993546144178467,0.09965912340872551,-0.29926355208829614
1978-01-01,-1.7354339233403007,0.5653439035325669,0.2771767936316085,0.17814930838814969,-1.2352235982122455
1978-02-01,0.38726284729976207,-0.5914752959651489,0.1586286741557673,0.1721116018512709,-0.5554793726648332
1978-03-01,1.8232256489900898,0.5591526526228185,0.020322534767286474,0.1721116018512709,-0.2139245134102747
1978-04-01,1.9375793005756379,0.5484904118600786,0.19814471398104655,0.17814930838814969,1.0191061567095223
1978-05-01,0.31496376474916726,0.5354742024960404,0.9291914507487299,0.015131231892422697,1.2009798918020878
1978-06-01,0.5057417885696678,-0.5904171603971301,0.4747569927580064,-0.0633589530870014,-0.09347783336871793
1978-07-01,-0.26173321206346145,-0.02474058094093938,0.4154829330200876,-0.08147207269763775,-0.29741964754065625
1978-08-01,0.2560509421038986,-0.5726141862670462,0.45499897284536683,-0.3592065733940615,1.6788106337360944
1978-09-01,0.09141676561271583,1.0723007789073244,0.8106433312728887,-0.6007148348692126,-0.16423874571014316
1978-10-01,0.61127425140389,-0.032779898108411844,1.008223530399292,-0.7758083244386971,-1.0552885719796394
1978-11-01,0.6339721294233216,-1.1018932147491105,1.581206107865848,-1.1561838362620598,-1.8298213840088977
1978-12-01,0.3486036820167127,-0.016043394674375707,0.5340310524959271,-1.1984477820202115,0.24085505589468753
1979-01-01,-0.7465715584210224,1.041232708898824,0.07959659450520884,-1.1682592493358175,0.8509295606679597
1979-02-01,0.32815220182718424,0.4917441765573067,-0.01919350505799276,-1.1622215427989389,-0.5770769726112094
1979-03-01,0.16815693728972173,-0.040343581544573015,0.05983857459256571,-1.1682592493358175,0.3563679221194908
1979-04-01,-1.4469801736607213,-0.0396062689506544,-0.15749964444647357,-1.083731357819515,0.38190462887368026
1979-05-01,0.7751091652145313,0.4678187083550599,0.45499897284536855,-1.1803346624095752,-0.8126137286274546
1979-06-01,-0.15283110107487788,-0.048737590028752484,0.09935461441784495,-1.4158052173478473,0.37576849363293424
1979-07-01,-0.35109863209799147,-0.047737220511522335,0.3562088732821705,-1.5003331088641503,0.1058871592514751
1979-08-01,-0.8704840426327116,-0.5369895163180268,0.9291914507487264,-1.7358036638024226,1.071105302683087
1979-09-01,-0.19272690633944767,-0.03596343730548953,0.9687074905740092,-1.8505200880031194,0.1425049348533578
1979-10-01,0.5865298259248598,0.44573489276613887,4.623941174412416,-2.6776858835555117,-1.2266622360281774
1979-11-01,-0.33809509370329305,-0.04426591516216761,-1.165158659991115,-2.1101414690889064,-0.37639461962907234
1979-12-01,-0.10440002000834904,0.42703634327522905,1.1860457096130486,-2.629384231260482,0.9062239975144426
1980-01-01,0.39271373002848203,0.8753377438513965,0.07959659450520884,-2.405989089395967,0.6184438217022739
1980-02-01,-0.14644238352199404,-0.5326102882188091,0.613063132146489,-1.6210872396017257,0.9098953966749771
1980-03-01,-0.6041771656025463,0.39035801330635866,6.0465186081225,-3.2633434176327536,-2.8265771323905873
1980-04-01,-2.2863045151100496,-1.4097382034943322,0.8304013511855248,-4.289753528902145,-0.6161631399221623
1980-05-01,-2.7962253979509724,-0.03870272681582411,-13.099002687225697,-1.0656182382088786,1.0675863052381622
1980-06-01,-1.5436909855627898,-0.038013686955666336,-2.9828964919539986,-0.3954328126153341,1.55008491048625
1980-07-01,-0.9177835251255364,-3.0883092077512764,-0.8687883613015174,0.15399848224063456,1.0608305574821213
1980-08-01,0.15452204750143772,2.1753769869701878,1.1465296697877694,0.31701655873636153,0.6754856287760791
1980-09-01,1.5473434598043714,0.4090214711485086,2.4900750238472913,-0.19618849689833448,0.4983525933303601
1980-10-01,1.1543650446050562,0.3985817938949075,3.8336203779068168,-1.2225986081677265,0.6316449263340213
1980-11-01,1.5723612690739892,0.3870020355628835,6.007002568297217,-2.496554687449148,0.9779817852326614
1980-12-01,0.5232736197890077,-0.4615192213435941,6.026760588209857,-4.241451876607115,-0.6154718516324416
1981-01-01,-0.8517021401524446,-0.03434452966413671,0.356208873282167,-4.513148670766659,-0.2678285378997801
1981-02-01,-0.6243333662070524,-0.033778356779406056,-6.223211757626962,-2.2369333063633614,-1.1359578599442346
1981-03-01,0.3591654056096031,-0.8484187937161604,-2.4296719344000794,-1.536559348085423,0.848962941658233
1981-04-01,-0.6386614943228307,-0.4254658100185517,2.0158825459439336,-1.8142938487818467,0.08335616259439006
1981-05-01,0.42652057373701524,0.3885437809294482,5.5328100903938555,-3.2512680045589955,-0.7244830571017259
1981-06-01,0.35986918434908116,0.7803377449821879,1.146529669787773,-3.981830495521328,-0.03875376953421182
1981-07-01,0.5126524883386108,0.7595106308435614,-0.11798360462119786,-3.4565500268128737,-0.8401812437481423
1981-08-01,-0.30619035817565554,-1.2209911043005703,-2.4099139144874355,-2.321461197879664,-0.057525635538982586
1981-09-01,-0.6829738505033359,0.7533122587721461,-3.852249368110163,-0.914675574786909,-2.682765922591912
1981-10-01,-1.0081099267208014,-2.3522153832411337,-1.5603190582439144,-0.5403377695004248,0.18360265441353923
1981-11-01,-1.4052672991411668,0.3785625003539711,-3.4966050096826393,-0.534300062963546,0.5410374057652181
1981-12-01,-1.299961730227778,-0.39392311397302676,-1.8566893569335192,0.23248866722005873,0.037188840265334505
1982-01-01,-2.370377067064474,-0.007021887163053753,1.679996207429053,0.2445640802938163,-1.6531371346594312
1982-02-01,1.9464516139773163,-0.006998568200485838,3.0828156212264903,-0.7939214440493334,-0.8312134838113747
1982-03-01,-0.8764754105174494,-1.150478250764356,-0.1970156842717528,-1.0776936512826356,-1.0710632377269063
1982-04-01,-1.1510322301842641,1.1401555636830802,0.5142730325832874,-1.2286363147046055,1.1732007595540344
1982-05-01,-0.87785606216423,2.2621165366397347,-0.9675784608647154,-1.083731357819515,-0.14051150125300277
1982-06-01,-0.44924253540902925,0.7110163465382451,-0.5921760825245522,-0.49203611720539453,-1.8008482515985655
1982-07-01,-0.5213790761858819,-2.267870334422363,-3.0816865915172005,0.2385263737569375,-0.23983892228404577
1982-08-01,-1.140041204020216,-1.1212990980441968,-4.879666403567444,1.1924840065837838,-0.08863856913624052
1982-09-01,-0.43473706584395955,-0.7442023138588689,0.3759668931948101,0.6430527117278154,2.8599315019284757
1982-10-01,-1.1986350815939777,1.473824035369873,-1.1849166799037547,0.141923069166877,2.0662836941698317
1982-11-01,-0.517355737991068,-1.8492458446587017,-1.007094500689998,0.23248866722005873,0.9369108795304179
1982-12-01,-0.9220714055412191,-0.743063716256584,-0.4933859829613541,0.3773936241051494,0.09442002141386903
1983-01-01,1.7681325640660923,1.8444367143611953,-0.5329020227866333,0.4921100483058461,0.7894871975196397
1983-02-01,-0.8373954295453411,-0.37358345101488943,-0.33532182366023366,0.7517314293916335,0.3099509824310535
1983-03-01,0.7095409874829988,-0.00372366113122234,0.5142730325832874,0.46795922215833097,0.7785639640990675
1983-04-01,1.148947036756938,2.1985407335487253,0.05983857459256922,0.38343133064202817,0.8702398682568053
1983-05-01,0.45807430854108194,-1.1132043497085107,-0.33532182366023366,0.47399692869520976,0.9339952048630503
1983-06-01,0.4677868441734925,-0.735933640968057,0.6920952117970475,0.5464494071377551,0.2200052099459203
1983-07-01,1.3808204509781778,0.7204394359352301,0.771127291447606,0.6309772986540578,-0.0648745812358678
1983-08-01,1.0625401542194426,-0.37015076323408647,0.3759668931948101,0.8000330816866638,-0.9353306293706081
1983-09-01,1.344680372889335,-0.006594567689136636,-0.21677370418439595,0.7456937228547548,0.6398952091915938
1983-10-01,0.6266281473860529,0.35227065667488955,0.05983857459256922,0.6611658313384519,-0.08180617557516989
1983-11-01,0.29337722824849755,-0.3664671837879461,-0.27604776392231484,0.8362593209079364,-0.5788852794605454
1983-12-01,0.3521663485030503,-0.006530644737053637,0.2574187737189689,0.842297027444815,-0.29825185949151034
1984-01-01,1.904887801303196,1.412674131763497,0.17838669406840693,0.6913543640228457,0.16958209597110568
1984-02-01,0.2864311256867109,-0.7244064921475993,0.05983857459256571,0.7758822555391486,-1.716828809564808
1984-03-01,0.3390203715333183,-0.7139475891235936,0.6328211520591286,0.8724855601292091,-0.1466940058591105
1984-04-01,0.44589582962800683,0.34373683919172826,0.7513692715349664,0.8302216143710575,-0.1291826810293882
1984-05-01,0.3946977111971375,-0.7067165722365009,0.05983857459256922,1.2830496046369657,-0.3399659286559454
1984-06-01,0.21033597801366172,-0.004697214331030832,1.4626579883900102,0.926824918961118,-0.7882450688148187
1984-07-01,0.11618161711413844,0.690571973326406,0.33645085336952735,0.7034297770966031,-0.5272505143960317
1984-08-01,-0.06657680635412315,-0.35481938465239254,0.8106433312728887,0.06947059072433173,2.164674946667852
1984-09-01,-0.487013997158961,-0.006332573408369872,-0.6712081621751141,0.15399848224063456,0.11976557617983742
1984-10-01,-0.18653433276526862,0.3378417574888272,-2.5877360937011993,0.7275806032441183,-0.381155191992597
1984-11-01,0.17898981780039638,-0.6946130469364379,-1.1058846002531961,0.7094674836334821,0.08589870004028197
1984-12-01,-0.14103456403018552,-0.004651454955718756,-2.074027575972555,1.3011627242476023,-0.4646768076718618
1985-01-01,-0.19304207485740807,-0.004646514654847704,-0.058709544883275504,1.246823365415693,1.002297161960742
1985-02-01,0.1141850535044068,1.3583653313756183,0.2969348135442481,1.2347479523419356,1.2927905505604493
1985-03-01,-0.015998694906099915,-0.35322527175210844,0.1586286741557673,1.3977660288376625,-0.39410391409372064
1985-04-01,-0.4042063451296575,-1.0235086420176076,-0.6119341024371954,1.3253135503951174,0.019806250783029746
1985-05-01,-0.02203468795441918,-0.00461034101605323,-0.592176082524554,1.1562577673625114,0.48535939535602884
1985-06-01,-0.22600730765588561,0.331864527872816,-0.8687883613015138,1.0053151039405421,0.4266162792158176
1985-07-01,-0.6740823277397511,-0.3416962287262727,0.6920952117970475,0.8845609732029667,0.3569300096339365
1985-08-01,0.1446891782530382,-0.004593974902715614,0.04008055467992785,0.8845609732029667,-0.7732336002382111
1985-09-01,0.18053817063016006,-0.004589357275152133,0.04008055467992609,0.8966363862767243,-0.7869714784110835
1985-10-01,-0.5027138984125017,0.6624581563699725,0.1388706542431277,0.7758822555391486,0.1488834832395157
1985-11-01,0.1946274413708761,0.32357670677688466,0.11911263433048808,0.4619215156214522,1.4622681485403892
1985-12-01,0.8336317823946083,-0.01095476149651059,0.43524095293272547,0.015131231892422697,1.1727079778400886
1986-01-01,0.4060044510015084,-0.33970507655124993,-0.2562897440096717,0.05135747111369539,-0.0446429750161051
1986-02-01,-0.9162051211117931,-1.9801623762443972,-0.5526600426992747,-0.07543436616075896,1.282277561440922
1986-03-01,-0.9272074880860638,-1.3276507198739633,-0.7502402418256744,-0.4014705191522129,1.413014368302322
1986-04-01,-0.02416637423247644,0.6515324223889054,-0.9675784608647154,-0.3954328126153341,0.5049749254366721
1986-05-01,-0.01960911626406642,2.3210427313872426,-0.27604776392231484,-0.0633589530870014,-0.10630242386602093
1986-06-01,-0.5998128118741839,0.3245379413465443,0.1388706542431277,-0.05128354001324384,0.6118570152152385
1986-07-01,0.5104052344542945,-0.9973388641672544,-0.7107242020003952,-0.13581143152954672,-0.7442555528868234
1986-08-01,-0.37032085766232714,-0.0036487426604729285,-0.769998261738314,0.021168938429301478,0.38199468312068724
1986-09-01,0.09336155723448189,0.9837092556585946,-0.5526600426992747,0.35928050449451304,-0.9297110685963642
1986-10-01,0.2726707636376028,-0.6636805068849241,-0.07846756479591337,0.3713559175682706,-0.2686995914071002
1986-11-01,0.24586346971195414,-0.004538048479607028,0.37596689319480836,0.14796077570375576,0.7169601431789127
1986-12-01,0.8184490447715378,0.6486501092057808,1.7195122472543305,-0.4618475845210007,0.2271928283470481
1987-01-01,-0.5426056538253413,0.6416035199305958,-0.9478204409520758,-0.19015079036145568,1.5472649495411672
1987-02-01,1.2031282961111684,-0.6600143754875674,-0.6514501422624746,0.11173453648248308,1.4965076603077976
1987-03-01,-0.022638677536992745,-0.007975203238165095,0.059838574592567466,0.09362141687184687,0.952889979210483
1987-04-01,0.48922401796122567,0.3129962047171837,0.4747569927580082,0.4136198633264219,-0.4679244176626283
1987-05-01,0.48834555815790104,-0.6497866115260117,0.9489494706613678,0.4800346352320885,-0.1833304803759132
1987-06-01,0.36871909063840735,0.6317363872464238,-0.23653172409703205,0.4256952764001795,0.9860098011100104
1987-07-01,0.5403639096429476,-0.6451962276356011,-0.2958057838349544,0.5464494071377551,0.6213509129813315
1987-08-01,0.612031773968242,0.6273053137789637,0.2969348135442481,0.6430527117278154,1.5025951696579718
1987-09-01,0.23883017119289468,-0.32533068426432726,0.9687074905740074,0.7456937228547548,-1.0758819128247974
1987-10-01,1.2177123457658152,-0.3219876704057788,0.1388706542431277,0.763806842465391,-3.7185003689949343
1987-11-01,0.33713932702469934,0.30761866240450436,-1.1849166799037547,0.7275806032441183,-3.8703047901251315
1987-12-01,0.4136043494424619,-0.6326473118706746,0.15862867415576556,0.7577691359285124,-0.6186794142388184
1988-01-01,-0.19566913879956324,0.6194485205366206,0.11911263433048808,0.5283362875271188,0.9030890914184622
1988-02-01,0.3511700376225557,-0.6293782965378624,-0.4933859829613541,0.40154445025266433,0.6608738669420883
1988-03-01,0.08445306769247415,0.3060473473083104,0.000564514854646857,0.4981477548427249,0.6369267524977114
1988-04-01,0.4337921563986916,1.2302810441858452,0.573547092321208,0.5343739940639975,-0.4882273455937521
1988-05-01,-0.38733298505919245,-1.2449192248583316,0.4352409529327272,0.6249395921171792,-0.8561708866903914
1988-06-01,0.1299263567252855,0.6075907294089774,0.8304013511855284,0.2687149064413313,1.3663622120660086
1988-07-01,-0.15947617179970489,-0.009838533846874529,0.4747569927580082,0.2083378410725436,-0.3278947846838901
1988-08-01,0.35142344096210104,-0.009783869878947528,0.5142730325832874,0.1721116018512709,-0.7238521081126287
1988-09-01,-0.504288842167156,-0.00972989351243534,0.356208873282167,-0.10562289884515282,0.28229565781218385
1988-10-01,0.27774273335388794,-0.3110831642518648,0.2179027338936897,-0.28071638841463736,0.787459763041418
1988-11-01,0.07928943702390201,-0.007371022045853951,0.09935461441784495,-0.21430161650897084,-0.8086244644178343
1988-12-01,0.30066041681794226,-0.007344307911577633,0.8106433312728887,-0.371281986467819,0.39043401264648714
1989-01-01,0.13502209933069187,0.2911032566195365,0.7118532317096871,-0.6007148348692126,0.7103642449181057
1989-02-01,-0.6416609512289312,-0.3066948394755376,0.4747569927580082,-0.6973181394592729,0.6553491169309592
1989-03-01,0.0879033577173148,0.584939294093929,0.9687074905740092,-0.8784493355656363,-0.2865796358708823
1989-04-01,-0.1906885430982533,0.8700937538978659,-0.01919350505799276,-0.9810903466925756,0.7266749148585093
1989-05-01,-0.7749220067517155,-0.8984193159878886,-0.05870954488327199,-1.1561838362620598,0.8752774656157083
1989-06-01,-0.18294369960871537,-0.5940387040202754,-0.5526600426992765,-1.3373150323684233,0.6844640474855529
1989-07-01,-1.1950967008812186,-0.007103268774341734,-0.5724180626119126,-1.3192019127577868,0.5263845401215209
1989-08-01,0.8511861771364322,-1.1667823668843678,-0.4933859829613541,-1.1139198905039083,1.0321687056540942
1989-09-01,-0.5052710403047934,0.8667787412447089,0.05983857459256571,-1.083731357819515,-0.10854005825136286
1989-10-01,-0.31687545918317533,0.860521329224265,-0.3550798435728733,-1.083731357819515,-0.15629095604061025
1989-11-01,0.18006374326336388,-0.2986722493006403,-0.5724180626119126,-0.9931657597663331,-0.7424095578580275
1989-12-01,0.4006267430953657,-0.29518888695666523,-0.19701568427175634,-0.9509018140081815,0.5091274960290633
1990-01-01,-0.7085531607515998,2.268641579403689,-0.4341119232234318,-0.5946771283323338,-0.8562754054451365
1990-02-01,0.7764703291680595,-2.0071437642286853,0.020322534767286474,-0.44373446491036433,-0.948323195929521
1990-03-01,0.34800574464431294,0.27237857961613826,0.07959659450520533,-0.3954328126153341,0.4969557788050119
1990-04-01,-0.4509987642520216,-0.8516759947386402,-0.03895152497063238,-0.26260326880400103,-0.1870865278826942
1990-05-01,0.14465695732951947,-0.2852414410111503,-0.15749964444647357,-0.23241473611960717,0.8038956492724787
1990-06-01,0.1813773690475354,1.6695712428466418,0.21790273389368617,-0.46788529105787946,0.6236437353146548
1990-07-01,-0.35898223316268896,-0.570715703819848,-0.27604776392231134,-0.3893951060784553,-0.19182930074404791
1990-08-01,0.19199732467841962,1.365247744615768,-0.03895152497063238,-0.20826390997209204,-2.50596040329046
1990-09-01,-0.1669122285529431,-0.5739127247448745,0.1388706542431242,-0.16599996421394064,-1.4752624989331367
1990-10-01,-0.7915870395554379,-0.02002799157994712,-0.1772576643591132,-0.21430161650897084,-0.8995370767274437
1990-11-01,-1.5216654664382905,-1.6386294812492979,-0.592176082524554,-0.23241473611960717,0.5605544395733614
1990-12-01,-0.9501727529515239,0.5340379329930087,-0.9873364807773551,-0.11769831191891038,0.9898497780738209
1991-01-01,-0.5181335385885314,-0.008365913096491581,-0.7897562816509537,0.12984765609311943,-0.43936229310287855
1991-02-01,-0.955365075311504,-1.0795507250296756,-1.3034647993795958,0.38343133064202817,2.7905130430855474
1991-03-01,-0.782261609982335,-0.2716493891588044,-0.25628974400967347,0.6189018855803003,0.5889830394789228
1991-04-01,0.1023771007529697,0.8003666993594484,-0.4143539033107939,0.7034297770966031,0.3791300095567548
1991-05-01,0.8111468259042457,0.5285043351883647,-0.25628974400967347,0.8000330816866638,-0.2873934467975461
1991-06-01,0.6743667921376281,-0.2740012782315122,0.23766075380632753,0.8543724405185726,-0.14233681890438013
1991-07-01,0.11937790325213914,-0.5369768797586422,-0.15749964444647357,0.8966363862767243,-0.023024242734751014
1991-08-01,-0.1761299919858578,0.5255980788510723,-0.3155638037475941,0.76984454900227,0.4936486431000217
1991-09-01,0.6566076513917333,-0.00644730006070213,-0.4143539033107939,0.7456937228547548,-0.32065076313525914
1991-10-01,-0.23245920056889766,-0.5330675702584107,-0.4736279630487145,0.8181462012973,-0.1870635896944759
1991-11-01,-0.34159108905754326,1.0468653880000394,-0.7897562816509555,0.9932396908667844,-0.2328267244104223
1991-12-01,-0.6879006261561772,-0.5330318887048394,-0.7502402418256744,1.0234282235511785,0.020417021494562388
1992-01-01,-0.72756219344438,-0.7897720382425247,-0.7897562816509537,1.228710245805057,1.7284354420639205
1992-02-01,0.5653917284412924,0.5185391764238666,0.05983857459256571,1.3977660288376625,-0.3987820522098471
1992-03-01,0.7184724024595116,0.5151563963328387,-0.15749964444647271,1.5668218118702684,-0.5144106900661732
1992-04-01,0.620806947456823,-0.5263514928277943,-0.4933859829613541,1.6815382360709652,-0.16085047082753826
1992-05-01,0.17083856224462843,-0.005021661670032581,0.17838669406840693,1.572859518407147,0.3326956649871532
1992-06-01,-0.12108466944544781,0.25313416651432613,-0.11798360462119348,1.5305955726489957,-0.6029598241888462
1992-07-01,0.7895509423210622,-0.006294340688595667,-1.0070945006899945,1.5849349314809047,0.2904503165708078
1992-08-01,-0.7650570252751094,-0.26295999491042515,0.0993546144178467,1.4038037353745414,0.026660101382953313
1992-09-01,0.17161984004868874,-0.004988528517911348,-0.15749964444647271,1.3494643765426324,-0.12793201058497425
1992-10-01,0.5331894216981167,0.7612578562739467,-0.2365317240970338,1.524557866112117,-0.5615782732694357
1992-11-01,0.22338887692208304,-0.5183205430971046,-0.019193505057993637,1.6996513556816013,0.5192369950733738
1992-12-01,0.002649860021052619,-0.5139889599442635,-0.33532182366023366,1.741915301439753,0.6590565519260584
1993-01-01,0.22838737564776684,0.7562694077011475,0.19814471398104744,1.5788972249440258,-0.19023281187179336
1993-02-01,0.33066178209278024,-0.5127198701804887,0.020322534767286474,1.3675774961532687,0.24313299122187088
1993-03-01,-0.26690441509611185,-0.2571421043898743,0.07959659450520708,1.174370886973148,0.35951888653271474
1993-04-01,0.11334922453749219,0.7509863968298847,-0.21677370418439332,1.2347479523419356,-0.6018795939717279
1993-05-01,-0.573949939878985,-0.25835054369499383,0.07959659450520708,1.252861071952572,-0.029364220162742205
1993-06-01,0.06212446881702464,-0.7569853965623065,0.07959659450520708,1.1804085935100266,0.009441017352053648
1993-07-01,0.10847797616763358,0.24676449639912193,0.04008055467992696,1.0777675823830875,-0.21172212897912515
1993-08-01,-0.3019013567020436,0.24572680621490145,-0.05870954488327375,1.0173905170142996,0.254729307595915
1993-09-01,0.3819219796626026,-0.25414913526217203,0.11911263433048719,0.7879576686129062,0.14466441335636582
1993-10-01,0.5936754343021124,0.9905657543769055,-0.1970156842717528,0.8302216143710575,0.11447969098935835
1993-11-01,0.3048379312422737,-0.5044042419763748,0.059838574592566585,1.0475790496986936,-0.2244092799990383
1993-12-01,0.44651441075444503,-0.253096952880688,-0.11798360462119348,1.1139938216043601,0.017658343411938837
1994-01-01,0.12747982222541115,-0.7454696002376301,0.17838669406840693,1.0475790496986936,0.24974817263004262
1994-02-01,-0.11361188340418135,0.9837855767735496,0.39572491310744795,1.0596544627724511,-0.24665805079404823
1994-03-01,0.8932040693130772,-0.006035124037473032,0.17838669406840693,1.3132381373213597,-0.6228893253035641
1994-04-01,0.44555330481332817,-0.7420991531817235,0.4352409529327281,1.4762562138170867,-1.1691754193916475
1994-05-01,0.30815187670436905,0.4870384615821162,0.889675410923448,1.331351256931996,0.06137883579776296
1994-06-01,0.5331430125716474,0.23968690324797542,0.4747569927580082,1.1381446477518755,0.0753355302677932
1994-07-01,-0.03502388857268083,0.23771386042042938,0.020322534767286474,1.252861071952572,-0.37321715551032747
1994-08-01,0.5282398072039491,0.235272441913184,0.4154829330200876,1.089842995456845,0.6100668501081415
1994-09-01,0.1555643113414122,-0.7349453600458336,0.5142730325832892,1.0656921693093295,-0.002962341041478063
1994-10-01,0.6683175765638563,-0.4884687865562153,0.05983857459256571,1.2166348327312992,-0.3510975202012466
1994-11-01,0.5420011273532149,0.7212564909894479,1.0477395702245695,1.029465930088057,-0.33140392038249106
1994-12-01,0.8949441909019071,-0.24670902512642687,0.31669283345688776,0.842297027444815,-0.5149762441597597
1995-01-01,0.004022128499105006,0.23551242940009567,0.1586286741557673,0.7758822555391486,0.43924204688788726
1995-02-01,-0.29371593806382623,-0.0059011022987541266,0.7711272914476077,0.35324279795763425,0.8076043964447307
1995-03-01,-0.00021207318249294162,-0.24492042311031587,0.11911263433048808,0.15399848224063456,0.4716876124016706
1995-04-01,-0.3567567548093585,0.710436773303705,0.13887065424312595,0.027206644966180263,0.6499055507886603
1995-05-01,0.3406080268326034,-0.7213842095581301,-0.07846756479591337,-0.20826390997209204,0.6867294361136109
1995-06-01,0.17327587171686357,-0.0047537105302016035,-0.01919350505799276,-0.479960704131637,0.6428605703247969
1995-07-01,-0.6158670111928046,-0.2415887772764043,-0.2958057838349544,-0.3229803341727888,0.7430421610322132
1995-08-01,1.2109590857457422,0.23256246463284047,-0.21677370418439243,-0.12977372499266795,-0.07819044199825781
1995-09-01,0.24865950522782548,-0.240806398766268,0.11911263433048631,-0.3410934537834251,0.7898173957874619
1995-10-01,-0.3600592521412214,0.4674011503169001,-0.07846756479591337,-0.4135459322259704,0.03300505144847518
1995-11-01,0.1020468997010345,-0.47594166861671167,0.07959659450520708,-0.5041115302791521,0.4265934645388763
1995-12-01,0.189689950241341,-0.003959377450064632,-0.39459588339815427,-0.5161869433529097,0.7045720067199093
1996-01-01,-0.7790034326293611,1.400981134582229,-0.07846756479591337,-0.5282623564266673,-0.17097760787261915
1996-02-01,1.3540637995133913,-1.1773875894157202,-0.6712081621751141,-0.2263770295827284,1.3702956968242013
1996-03-01,-0.3038560517202829,0.4605972829982637,0.17838669406840693,-0.002981887718213649,-0.26941840826485025
1996-04-01,0.8670346191224585,0.22459516725332795,-0.1772576643591132,0.19626242799878604,-0.1599726671959109
1996-05-01,0.6086118015469517,-0.701509933322103,0.04008055467992785,0.3230542652732403,0.4291033539747012
1996-06-01,0.6241652153523018,-0.0046774343753937945,0.05983857459256571,0.4075821567895431,0.1376305436793829
1996-07-01,-0.15875692087620596,-0.004672345874137668,0.2574187737189689,0.304941145662604,-1.1920060822860465
1996-08-01,0.36232133046285037,-0.23457963827635453,-0.35507984357287503,0.2747526129782101,0.6221311681201118
1996-09-01,0.4817014782704482,0.6844914503549493,0.1586286741557673,0.34116738488387666,0.33938043637709114
1996-10-01,-0.1437766895459301,-0.0069816084131534,-0.11798360462119262,0.19626242799878604,0.9021778766631401
1996-11-01,0.7874301180976455,-0.006958671203546311,0.13887065424312595,-0.04524583347636506,1.1503282701888575
1996-12-01,0.4971729501703971,-0.23410351115226216,-0.03895152497063238,0.027206644966180263,0.11875183980470137
1997-01-01,-0.008255394593829703,-0.23237262002385922,-0.07846756479591337,0.22041325414630117,0.676021266919902
1997-02-01,1.0739929050688957,-0.004627834536190437,-0.11798360462119262,0.16003618877751333,0.9711637172172287
1997-03-01,0.4907989825239357,-0.4568271654130207,0.3957249131074463,0.2023001345356648,-0.3805039266622098
1997-04-01,-0.05165035293404012,-0.0034887957853195744,0.23766075380632753,0.25060178683069495,-1.1660074943356709
1997-05-01,0.4064287236568391,-0.22951998651922137,-0.01919350505799276,0.14796077570375576,2.228305625803178
1997-06-01,0.307619441149842,0.6743233866357214,0.11911263433048631,-0.02109500732884993,1.2314265360846997
1997-07-01,0.72020045799148,-0.22994207698303326,-0.07846756479591337,-0.15996225767706185,1.3378421187575182
1997-08-01,0.8726887574825123,0.4460436604346547,0.04008055467992785,-0.12373601845578916,-0.10612040811360192
1997-09-01,0.7845666581854989,-0.005584403030568958,0.000564514854646857,-0.17807537728769812,0.12541558012911003
1997-10-01,0.754076913368638,-0.22936605474950633,-0.07846756479591337,-0.26260326880400103,0.2492443853338449
1997-11-01,0.6505702176003478,-0.2281107732708074,0.04008055467992609,-0.3652442799309402,-0.5218004212002748
1997-12-01,0.27226065962268725,-0.22727822881729273,-0.03895152497063238,-0.3954328126153341,0.5167817266321658
1998-01-01,0.285345860385084,0.21975467802346974,0.11911263433048631,-0.5946771283323338,-0.1358540986807869
1998-02-01,-0.004717417188896593,-0.4499651374391902,-0.09822558470855298,-0.5463754760373035,1.5139884814602103
1998-03-01,-0.13793637393254457,-0.003347216577394766,-0.03895152497063238,-0.48599841066851573,1.2315243985482731
1998-04-01,0.18553928513351697,0.44271966414392494,-0.07846756479591337,-0.46788529105787946,0.7279665701587179
1998-05-01,0.5164380427478094,0.4410719710202908,0.07959659450520708,-0.48599841066851573,-0.2582244139528829
1998-06-01,-0.8081094225682941,-0.4494113961602443,0.13887065424312595,-0.618827954479849,-0.1649859449891425
1998-07-01,-0.5804121399812601,0.4394390968809616,-0.03895152497063238,-0.6309033675536064,1.0106687598191584
1998-08-01,1.981562833842104,-0.44776643389376497,0.020322534767286474,-0.7093935525330305,-2.1933345998671556
1998-09-01,-0.23095706037697078,-0.22494490611244805,-0.07846756479591337,-1.0052411728400907,-1.5870088513815888
1998-10-01,0.5420407108821137,0.6588758823275852,-0.8687883613015138,-0.9086378682500301,0.15390324477684253
1998-11-01,-0.2547509930049985,-0.4458625794011229,-0.4736279630487145,-0.5826017152585763,2.6779403097074588
1998-12-01,0.30074885933520024,0.21609578208028585,-0.2958057838349544,-0.6007148348692126,0.9148671790432098
1999-01-01,0.2787644461457784,-0.004551122496102678,-0.09822558470855298,-0.5282623564266673,1.1654007390588728
1999-02-01,0.4631216840708194,-0.662485340740708,0.2574187737189671,-0.43769675837348554,-0.21269573406725883
1999-03-01,0.06353520218002204,0.21609871487100576,0.0993546144178467,-0.3290180407096676,0.6019095162781508
1999-04-01,0.06668529380269206,2.182361637382035,-0.1377416245338322,-0.3169426276359101,0.9564638013874414
1999-05-01,0.48833298192475155,-2.1906429047262743,0.000564514854646857,-0.09958519230827403,-0.21993176418159896
1999-06-01,-0.25751353431403473,-0.22120631383634531,0.04008055467992609,0.1056968299456043,-0.36224554764728517
1999-07-01,0.4322265825613407,1.518001662973013,0.45499897284536855,-0.09958519230827403,1.0294434739730505
1999-08-01,0.24677229347362883,-0.6582195616418125,0.1586286741557673,-0.05732124655012262,-1.2549964848068225
1999-09-01,-0.6006464529424603,0.6415311681542628,0.2969348135442464,-0.15996225767706185,-0.3587422091016016
1999-10-01,1.1035714712740246,-0.8689076902635613,-0.03895152497063238,-0.033170420402607495,-0.5472106984290431
1999-11-01,0.33395381904782373,-0.004498708027091452,0.4352409529327272,-0.21430161650897084,1.703377336516936
1999-12-01,0.633652890047608,0.20974964082858363,-0.2365317240970338,0.009093525355543915,0.5736324973695298
2000-01-01,-0.31900410838810295,0.20823395543843531,0.2969348135442481,0.14796077570375576,-0.22401204904539176
2000-02-01,0.1532361025015088,0.4190876014299872,0.5537890724085685,-0.10562289884515282,-0.8846423832748983
2000-03-01,0.19859172109321646,0.6253556174295379,0.23766075380632581,-0.3350557472465464,0.8761506745096755
2000-04-01,0.44959895697406743,-2.335292936781179,0.33645085336952735,-0.6007148348692126,0.1999163874360696
2000-05-01,0.10962669296692518,0.8422303451102626,0.4945150126706478,-0.479960704131637,-0.9864097878338576
2000-06-01,-0.13384627549871095,1.4682011120105012,0.5142730325832892,-0.8422230963443635,0.6692646093785984
2000-07-01,-0.3804357073016029,-1.0607476509512215,0.020322534767286474,-0.8784493355656363,0.04344982438999301
2000-08-01,-0.46187846680732797,-1.051585587793245,-0.07846756479591337,-0.9871280532294542,0.06830173703798482
2000-09-01,0.3095817343512255,1.875856811413551,0.04008055467992609,-1.0173165859138482,-0.4897072866720984
2000-10-01,-0.5846634936137222,-1.2583142648054157,-0.01919350505799276,-1.0475051185982418,-1.6696437970065068
2000-11-01,-0.14551199756429398,-0.0044231785809671275,0.000564514854646857,-1.0595805316719995,-0.4055832817713379
2000-12-01,-0.5188891004041956,0.20270580109912675,-0.21677370418439243,-1.2829756735365143,-1.1245153680899989
2001-01-01,-0.6770070563828363,1.2321911387188855,-0.8292723214762346,-1.0776936512826356,-0.06692132076662824
2001-02-01,-0.8626335788666412,-1.2454891023362102,-0.9675784608647154,-0.8180722701968486,-0.7888530064621467
2001-03-01,-0.39092562530198854,-0.6205972156252402,-0.35507984357287503,-0.8361853898074848,-2.8232494797793133
2001-04-01,-0.5534077762279733,0.4066748277091029,-1.0070945006899945,-0.37731969300469775,-0.07150726474827629
2001-05-01,-0.678740876305647,1.2211579748757486,-1.165158659991115,0.12984765609311943,1.643702700880447
2001-06-01,-0.7320852541038838,-1.0285029831158243,-0.47362796304871363,0.2083378410725436,-0.8609665045732801
2001-07-01,-0.8510615583364263,-1.4289559818635784,-0.39459588339815427,0.304941145662604,-0.9385357507672127
2001-08-01,-0.2957946001843942,0.6075295735820834,-0.2365317240970338,0.21437554760942237,-0.7655277499510791
2001-09-01,-0.7093154149982317,1.4204296596421944,-1.1454006400784755,0.4196575698633007,-3.4927753748525103
2001-10-01,-0.46383440207934323,-2.4435351107500494,-1.1454006400784746,0.6732412444122094,0.6674476706853857
2001-11-01,-0.8132454772242033,0.8094382477185558,-0.7897562816509555,0.9630511581823907,1.164628425357341
2001-12-01,-0.2199263515435741,-0.003461967529688761,-0.5329020227866338,1.391728322300784,0.20594135401752667
2002-01-01,0.5231050287970792,0.8112698781914921,-0.17725766435911364,1.4158791484482989,-0.2782830145223284
2002-02-01,-0.16281077988787215,-0.004377653035669415,0.02032253476728691,1.331351256931996,-1.138570379373026
2002-03-01,0.5840652500798978,0.4009365784402731,-0.0191935050579932,1.5607841053333895,1.136947856330499
2002-04-01,0.33767141649439475,0.5992370603126959,0.04008055467992696,1.5064447465014805,-1.1844405052012148
2002-05-01,0.24702331490114804,-1.2170101389472945,0.000564514854646857,1.4762562138170867,-0.9877695679724146
2002-06-01,0.689584645041443,-0.2050413428702239,0.000564514854646857,1.337388963468875,-1.8853400131001947
2002-07-01,-0.2088197607193611,0.5996053287747198,-0.038951524970633256,1.1804085935100266,-3.3473456331663
2002-08-01,-0.29187074125189266,0.19522051101861007,0.02032253476728691,0.9389003320348756,0.10816048126755162
2002-09-01,-0.08562767729155418,-0.405830882443271,0.02032253476728691,0.6973920705597245,-1.5520271596124775
2002-10-01,-0.39433788037910505,0.1952362758637131,0.000564514854646857,0.7396560163178759,-0.5867355667312392
2002-11-01,0.4129760168818225,-0.204248194438509,-0.8095143015635946,1.0536167562355723,1.5666717190527932
2002-12-01,-0.76180234064439,-0.004334956908556681,-0.1970156842717537,1.1019184085306026,-0.49232819375040465
2003-01-01,0.718039219208023,0.9869964809113436,0.000564514854646857,1.1139938216043601,-0.2669744346152535
2003-02-01,-0.04997641500858766,0.38375915684440853,0.04008055467992696,1.011352810477421,-2.03878291658821
2003-03-01,-0.4519165481877435,-1.3876211620602148,-0.0191935050579932,0.9630511581823907,0.15058335081193058
2003-04-01,-0.803695798947432,-1.9723989126169745,0.02032253476728691,1.0475790496986936,1.2158563834985687
2003-05-01,-0.2036430416117669,0.7829174839548025,0.000564514854646857,0.8121084947604212,1.224860672332238
2003-06-01,-0.040537339696516746,0.9842975148387558,-0.07846756479591337,0.6913543640228457,1.3295557548713905
2003-07-01,0.36441556823648225,0.7843136428322004,-0.4143539033107939,1.2105971261944206,-0.037672861720720534
2003-08-01,-0.4047901427392922,0.3849186465975307,0.04008055467992696,1.4822939203539653,-0.24808651297376919
2003-09-01,0.5013933205995005,-0.4005735764568647,-0.038951524970633256,1.3856906157639048,0.657850021943427
2003-10-01,-0.0454053727504049,-1.568021221786126,0.000564514854646857,1.3977660288376625,0.35325768919059114
2003-11-01,0.5283171073566699,0.5829821354656409,-0.0191935050579932,1.40984144191142,0.13104494689716772
2003-12-01,-0.14379226674216625,0.7769838481737631,-0.038951524970633256,1.4038037353745414,0.6324486957843086
2004-01-01,-0.014910998989193146,0.5766808027926785,0.04008055467992696,1.3192758438582384,1.1302860839008988
2004-02-01,0.4579889189013832,-0.7837695101696355,0.02032253476728691,1.2709741915632082,0.09874376562598577
2004-03-01,-0.5968047675227972,-0.005006747261295107,-0.0191935050579932,1.1260692346781176,-0.6361837147930156
2004-04-01,0.21522823366224603,-0.19787091511629332,0.000564514854646857,1.440029974595814,0.06519221410427277
2004-05-01,0.5825306901681183,0.9575176242818791,0.000564514854646857,1.6634251164603289,-0.91934701699909
2004-06-01,-0.9992385324521259,-0.20122011680733018,0.05983857459256703,1.6513497033865714,0.576250715698538
2004-07-01,0.6084324846497662,-0.9629920056574857,0.4549989728453677,1.3736152026901476,-0.8279815709064979
2004-08-01,-0.10432633729797743,-0.1947884476519035,0.33645085336952735,1.1381446477518755,-0.5896440392127287
2004-09-01,-0.04126666702567655,0.9502246178571577,0.3562088732821679,0.9389003320348756,0.5544304141463243
2004-10-01,0.7190818003234583,0.751774945245929,0.2969348135442472,0.8302216143710575,-0.17535616320629147
2004-11-01,0.08608771166403333,-0.20182453831092992,0.33645085336952735,0.7819199620760272,1.085316766150427
2004-12-01,0.6602469512343937,-1.70470170203582,0.4549989728453681,0.6672035378753305,0.5415431739065601
2005-01-01,0.2028713372965971,-0.1919917087057148,0.23766075380632667,0.5887133528959064,-0.5770786599674858
2005-02-01,0.5862240086492954,1.691704292299842,0.4352409529327281,0.4256952764001795,0.25826816755806387
2005-03-01,-0.3172355423691067,-0.1967773678422862,0.2574187737189671,0.5464494071377551,-0.27330366552295376
2005-04-01,0.051342771192105896,-0.1946980708813127,0.31669283345688776,0.35324279795763425,-0.877340610988942
2005-05-01,-0.08025304782892272,-1.311669416239373,0.4154829330200876,0.1056968299456043,0.16218366144933913
2005-06-01,0.29731599320387403,0.37004516038634666,0.07959659450520708,-0.002981887718213649,0.3917329911415491
2005-07-01,-0.5086912004426561,2.0428231527321525,0.4352409529327272,-0.02713271386572871,0.2910070039100714
2005-08-01,0.1674812158189695,-0.017052877685541,0.4747569927580082,-0.12373601845578916,-0.11842531618721241
2005-09-01,-2.233768878647031,2.721353855362471,0.23766075380632753,-0.23241473611960717,-0.12705715994798208
2005-10-01,1.094673237953601,-4.402041209125929,0.31669283345688687,-0.17203767075081935,-0.9397804567122462
2005-11-01,1.0013480114570164,-2.3689478453360904,0.4352409529327281,-0.25656556226712224,0.8679502843859036
2005-12-01,0.3672104452133322,1.8170854361066973,0.31669283345688776,-0.3954328126153341,0.38140858727316523
2006-01-01,-0.00902048340219428,2.180074584029947,0.2574187737189671,-0.5041115302791521,0.19779945827609824
2006-02-01,-0.1305793657085784,-2.0054110194208508,0.39572491310744795,-0.534300062963546,-0.2091806634777829
2006-03-01,0.06206841031644652,0.358823569004431,0.19814471398104655,-0.5041115302791521,0.20286862201006728
2006-04-01,0.14414920338691975,1.259007679708224,0.39572491310744795,-0.4618475845210007,0.015062427446365786
2006-05-01,-0.1481944717567369,-0.7300146889755513,0.2969348135442481,-0.479960704131637,-0.4232479910018281
2006-06-01,0.1577595435759582,-0.18567097435181806,0.0993546144178467,-0.5101492368160309,-0.9641035056020119
2006-07-01,-0.22889637801027182,1.0651265628925954,0.4945150126706478,-0.6731673133117578,-0.00892822281399831
2006-08-01,0.2859093609216571,-0.36859554037275954,0.020322534767286474,-0.805996857123091,0.4190425835267953
2006-09-01,-0.34994126660644115,-3.3818118502518923,0.000564514854646857,-0.9026001617131514,0.4841772423428533
2006-10-01,-0.29569319318363313,0.16697390647026766,0.000564514854646857,-0.8965624551762726,0.77573343183247
2006-11-01,-0.21918157276979622,1.783701497778911,0.000564514854646857,-0.9750526401556966,0.34256243551930043
2006-12-01,0.8923470734261771,1.7810552706625895,-0.01919350505799276,-0.9931657597663331,0.3825857317279469
2007-01-01,-0.5315696220653805,-1.367378163969673,0.020322534767286474,-0.8784493355656363,-0.013793429368397753
2007-02-01,0.8120222588914419,0.7967139409607568,0.020322534767286474,-0.9086378682500301,0.23298605316401316
2007-03-01,0.012238929086194601,0.4723627867714266,0.000564514854646857,-1.0052411728400907,-0.8971031001854654
2007-04-01,0.5301827275661545,-0.795286417894766,-0.01919350505799276,-0.9207132813237877,0.9262857348988911
2007-05-01,-0.07433864708725724,0.40457775613708097,0.000564514854646857,-0.884487042102515,0.7174581905769963
2007-06-01,-0.11423110088460368,-0.6578757115512972,0.000564514854646857,-0.6731673133117578,-0.1085751965653827
2007-07-01,-0.30124766408049314,-0.19679118607983,0.020322534767286474,-0.7395820852174244,-0.04562158084001301
2007-08-01,0.02754286013169719,-0.535088577010955,-0.4736279630487145,-0.7939214440493334,-1.3908747684467593
2007-09-01,0.05870211276387961,1.41401115491325,-0.15749964444647183,-0.8361853898074848,0.6307930627862868
2007-10-01,-0.47213144655597444,-0.4191532183446936,-0.35507984357287503,-0.7214689656067881,0.609253966446661
2007-11-01,0.3849973615530359,1.7138348756744357,-0.5329020227866333,-0.7878837375124547,-1.5668207060819954
2007-12-01,-0.1382342258977975,-1.7872947372123553,-0.4933859829613541,-0.6671296067748792,0.1327883434171069
2008-01-01,-0.3143092916121198,0.19475778091153154,-0.5921760825245549,-0.7033558459961518,-2.1058246615667415
2008-02-01,-0.5884821304913582,-0.3745976987256245,-1.8962053967587966,-0.12373601845578916,-0.6467763191367545
2008-03-01,-0.4959599322768252,0.41485484052986366,-0.7304822219130348,-0.039208126939486276,-0.9481196970128548
2008-04-01,-0.8561289691630516,-0.4588605131664498,-0.6514501422624746,0.2626771999044525,0.9356896714976982
2008-05-01,-0.8143762556561776,1.2939728843709728,-0.592176082524554,0.5645625267483914,0.4877156657581528
2008-06-01,-0.42071555600121363,1.6321264097749149,0.04008055467992696,0.685316657485967,-1.4111642123640575
2008-07-01,-0.5517054039090495,-1.1991868375805166,0.020322534767286474,0.6249395921171792,-1.9479481169357418
2008-08-01,-1.840245502073307,-3.1146094864533063,-0.01919350505799276,0.5585248202115127,0.36076877673992436
2008-09-01,-4.915596219808758,0.8442082934997691,-0.3748378634855138,0.5524871136746338,-1.5904016738259907
2008-10-01,0.8660982598060585,-3.434458772605576,-1.6591091578071164,1.1321069412149964,-6.459791512698818
2008-11-01,-1.5733902691174684,-3.339784841791783,-1.1454006400784753,1.3132381373213597,-2.7230351761081084
2008-12-01,-3.185147131955355,3.4661401856820437,-0.4538699431360741,0.7819199620760272,-0.33609483495009285
2009-01-01,-2.8331287232485574,3.899511290829027,-0.0191935050579932,0.848334733981694,-0.5437066496643321
2009-02-01,-0.8173196691251078,0.3974051207081053,0.13887065424312717,1.0173905170142996,-2.159422256381277
2009-03-01,-1.8355392991832666,-1.6750273592416645,-0.07846756479591331,1.011352810477421,-1.8646144627706953
2009-04-01,-1.051044047564758,0.7176830803371517,-0.058709544883273256,1.0958807019937236,2.9697379057388242
2009-05-01,-1.2431847288500708,0.1643469438684603,0.05983857459256697,1.2951250177107234,1.5476896247819907
2009-06-01,-0.5723035860038703,2.453278819693278,0.05983857459256697,1.5366332791858743,0.5517356096078313
2009-07-01,1.006551567909055,-3.0993235900070792,-0.09822558470855332,1.4702185072802079,0.12340414364781097
2009-08-01,0.9729093263130809,1.312962458679649,0.000564514854646857,1.4883316268908444,1.9342832230599156
2009-09-01,0.7485941864507718,-0.5145008641613169,-0.0191935050579932,1.3796529092270262,0.7717149994970584
2009-10-01,0.10834276280480526,0.3829225322749518,-0.058709544883273256,1.391728322300784,0.4398821294558151
2009-11-01,0.2806039954669792,0.12158612382576005,0.000564514854646857,1.3977660288376625,0.3585247789948741
2009-12-01,0.2512571490817496,-1.0239504938461006,0.000564514854646857,1.5124824530383594,0.3960882514982627
2010-01-01,0.9658960767849037,0.043103338548853114,-0.019193505057993172,1.603048051091541,0.16200880073706975
2010-02-01,0.21927404861307337,-0.5820784606128891,0.04008055467992694,1.5668218118702684,-1.0231715170304245
2010-03-01,0.5441835434204001,0.4607013199537314,0.05983857459256697,1.572859518407147,1.3854937222005521
2010-04-01,0.18145326290255134,-0.03997063019140553,0.07959659450520702,1.6211611707021774,0.8997976808558238
2010-05-01,1.237184979032096,-0.2744716135176046,0.000564514854646857,1.36153978961639,-1.8827348199525666
2010-06-01,0.019488342466865958,0.033176817277430395,-0.038951524970633256,1.2407856588788144,-1.2069154419246617
2010-07-01,0.22389411242967772,0.8232682893093911,0.000564514854646857,1.1260692346781176,-0.25510558205624484
2010-08-01,0.2100123274888488,-0.15056946314833466,0.02032253476728691,0.9328626254979967,0.026338936076318462
2010-09-01,0.13481963801094585,0.052202817594493675,0.000564514854646857,0.9026740928136029,0.7055070502736277
2010-10-01,-0.47356582561724025,0.6697816110433206,0.000564514854646857,0.8362593209079364,1.0275170074363884
2010-11-01,-0.08346655214258869,-0.3450583457858013,0.000564514854646857,0.9690888647192694,0.471897459796813
2010-12-01,0.8498400912439177,0.530966593936527,-0.0191935050579932,1.2951250177107234,0.8005683351247843
2011-01-01,-0.39681302628393167,-0.28199712362126766,-0.019193505057993145,1.36153978961639,0.7346439285479421
2011-02-01,-0.5936468549457256,-0.013642214780269321,-0.0191935050579932,1.4822939203539653,0.652227866713671
2011-03-01,0.9141567397156418,0.701972786973968,-0.0389515249706332,1.391728322300784,-0.5139515230688695
2011-04-01,-0.5154298301312635,-0.17583491007987473,-0.07846756479591331,1.4460676811326927,0.4017382913051133
2011-05-01,-0.048089310211554805,-0.5479856890350498,-0.0191935050579932,1.277011898100087,-0.023610832910631784
2011-06-01,0.1429112537832746,-1.1518292249468094,0.000564514854646857,1.174370886973148,-1.2372646905637577
2011-07-01,0.34230748145833134,0.9426547216813282,-0.0389515249706332,1.1864463000469054,0.6368126234948622
2011-08-01,0.5331423947179241,0.18931115345152402,0.05983857459256697,0.7456937228547548,-3.2438016988987446
2011-09-01,-0.26201184245364206,-0.3577634812494231,-0.03895152497063323,0.5645625267483914,-0.431742801545535
2011-10-01,0.5529261283686111,-0.5435610240729516,-0.019193505057993172,0.6732412444122094,0.6089045707153887
2011-11-01,-0.18404921619722248,0.4200725261195252,0.020322534767286887,0.5826756463590277,0.2713709783177462
2011-12-01,0.38200338926070077,-0.5848669554964199,-0.019193505057993172,0.57060023328527,0.21358209399054986
2012-01-01,0.45085918766551747,0.8942815544780398,0.020322534767286887,0.5585248202115127,1.078753244130208
2012-02-01,0.16292609252489806,-0.21496472191817026,0.04008055467992694,0.5464494071377551,0.9162031362653106
2012-03-01,-0.7212386056737269,-0.019212517635533072,0.05983857459256697,0.6490904182646943,0.5758815810515265
2012-04-01,0.5793744107455364,-0.15948476389694544,0.02032253476728691,0.57060023328527,-0.2201349474979397
2012-05-01,0.06779682932273773,-1.3517841289161558,0.04008055467992692,0.4075821567895431,-1.0784376072136128
2012-06-01,-0.16911791295857667,0.4462665330585733,0.000564514854646857,0.2989034391257252,-0.5328508487078044
2012-07-01,0.045721949645398656,0.39993773512151587,0.000564514854646857,0.2445640802938163,0.5827499438627625
2012-08-01,-0.6262199560812576,1.9865350642894477,-0.058709544883273256,0.35324279795763425,0.7084230814601913
2012-09-01,-0.2521761558412811,-0.37674202983812055,0.02032253476728691,0.3713559175682706,0.6110057872821051
2012-10-01,0.1900202740646371,-0.7505559911081479,0.04008055467992692,0.3773936241051494,-0.27155186029824985
2012-11-01,0.21032835656679905,-1.5846821713276502,0.000564514854646857,0.31701655873636153,-1.0085874582134045
2012-12-01,0.07413192587823648,0.5605304488490394,0.000564514854646857,0.35928050449451304,0.3803065012026933
2013-01-01,-0.14914180523536041,0.7558514292384881,-0.0389515249706332,0.4860723417689673,0.9412438463085642
2013-02-01,0.3160982158255464,1.2390420054645266,0.02032253476728686,0.52229858099024,0.4244995548080568
2013-03-01,0.24816609928524863,-2.9792021858078095,-0.019193505057993145,0.5162608744533612,0.5301233219033595
2013-04-01,-0.26579214688873837,0.2590267508147097,0.02032253476728686,0.3894690371789069,0.1872244722777297
2013-05-01,-0.09278118875946123,0.9020256695604445,-0.07846756479591328,0.5162608744533612,1.0249809748986352
2013-06-01,0.043196230676332686,0.7065345316095853,-0.03895152497063323,0.7517314293916335,-0.5212499643205826
2013-07-01,-0.5018808889168525,-0.15593055332468797,0.000564514854646857,0.9207872124242393,0.6740727960098146
2013-08-01,0.43180141810426015,0.15171847387505707,-0.019193505057993172,1.0234282235511785,-0.14092155111251248
2013-09-01,0.358791617389252,-0.7291590853152222,0.000564514854646857,1.0656921693093295,0.11666032242214021
2013-10-01,-0.25797272861190645,0.053853095159303116,0.020322534767286887,0.9449380385717542,0.36827038489789815
2013-11-01,0.07061840037558684,0.4694358623319947,-0.019193505057993172,1.011352810477421,0.8367346874652655
2013-12-01,0.036445075363147075,0.2851193245220911,0.020322534767286887,1.1139938216043601,0.20843497376563302
2014-01-01,-0.5499930643195483,-0.08268212704454805,-0.0389515249706332,1.1019184085306026,0.05751968833731215
2014-02-01,0.6173382805258713,-0.4809625750724278,0.000564514854646857,1.011352810477421,-0.24494846041781834
2014-03-01,0.8393980813637528,0.33642538290762614,0.020322534767286887,1.011352810477421,0.5330601337842773
2014-04-01,-0.07315146992074842,-0.067528368127801,0.020322534767286887,0.9992773974036634,-0.1532783782979441
2014-05-01,0.22752217069145464,0.010661377385255731,0.000564514854646857,0.9087117993504817,0.21096145834940835
2014-06-01,0.18563721925828403,-0.21337760362644415,0.02032253476728691,0.926824918961118,0.660670558862572
2014-07-01,0.058560962349333445,-0.0739944253123462,-0.0191935050579932,0.8966363862767243,0.20210035071518476
2014-08-01,-0.37381688604032276,-0.4678742218970212,0.000564514854646857,0.8241839078341788,-0.3265970000028941
2014-09-01,0.12702102013957411,0.08038572673344335,0.000564514854646857,0.8905986797398453,0.278341567838697
2014-10-01,-0.1623781096844112,-0.10078941107609775,0.000564514854646857,0.7517314293916335,-0.9503842104225392
2014-11-01,0.4726005300280102,-0.6130800339730972,0.000564514854646857,0.76984454900227,1.323973019654849
2014-12-01,-0.18325747122984334,-0.43897855298292665,0.05983857459256697,0.6792789509490881,-0.033574958882048915
2015-01-01,-1.0041204281386493,-1.1968959323060657,-0.019193505057993172,0.4860723417689673,-0.5170990290937344
2015-02-01,-0.8490725804803391,3.22233447108899,0.000564514854646857,0.5464494071377551,0.5614347697958092
2015-03-01,-0.5276765507092018,0.05409840200047906,0.000564514854646857,0.5826756463590277,-0.1935553776294299
2015-04-01,-0.7506597576657008,-0.5993027965398131,0.020322534767286887,0.5162608744533612,0.03242105296332224
2015-05-01,-0.6403805369439395,0.8102501577671624,0.000564514854646857,0.6732412444122094,0.05993360646404076
2015-06-01,-0.5064341080165068,-0.1943192912747219,0.02032253476728691,0.763806842465391,-0.3300929677779954
2015-07-01,0.504900910291139,-0.429611918405015,0.000564514854646857,0.7396560163178759,-0.232046866840006
2015-08-01,-0.3685942970563419,-0.577925208746364,0.02032253476728691,0.6430527117278154,-0.8891033780294633
2015-09-01,-0.4690697012355971,-0.8153293275796577,0.000564514854646857,0.6430527117278154,-1.4731617812178905
2015-10-01,-0.685043556793592,1.1677113942017259,-0.038951524970633256,0.5947510594327853,1.5652001373484659
2015-11-01,-0.9520587144622645,0.07073597816004426,0.000564514854646857,0.7094674836334821,-0.03869936572492445
2015-12-01,-0.6922930923759311,-0.8240498594865668,0.2376607538063273,0.6249395921171792,-0.5186492132981676
2016-01-01,0.37508649201472594,0.21993219363834055,0.19814471398104733,0.47399692869520976,-2.0479039397097756
2016-02-01,-0.721984680600381,-0.31861175901177674,0.07959659450520697,0.2626771999044525,-0.38918876735459645
2016-03-01,-0.9586932290598008,1.6092723465099297,-0.038951524970633256,0.34116738488387666,1.509139267169505
2016-04-01,0.1803913573885906,0.24735491210640084,0.02032253476728691,0.2868280260519676,0.5579226691807375
2016-05-01,-0.41386279619309563,-0.5319221859258331,0.000564514854646857,0.2868280260519676,-0.2974360154150686
2016-06-01,0.3210004885888436,0.14517428925624454,0.02032253476728691,0.17814930838814969,0.07979862179711433
2016-07-01,-0.05166215632186586,-1.187720930083322,0.02032253476728691,0.08758371033496809,0.683830387513862
2016-08-01,-0.3336566619357558,0.8467501945856449,0.02032253476728691,0.11777224301936186,0.20050473732599317
2016-09-01,-0.2860340590205822,0.27585387069450734,0.000564514854646857,0.16003618877751333,-0.41628853554961065
2016-10-01,-0.15852561461861012,-0.10451525685262818,0.000564514854646857,0.2385263737569375,-0.35257559500071994
2016-11-01,-0.6148689450776155,-0.42334290466799707,0.020322534767286803,0.4619215156214522,0.11734059034118348
2016-12-01,0.5419981420698238,0.482228861986128,0.2574187737189675,0.5947510594327853,0.8576371239061823
2017-01-01,-0.4519391231399369,0.5438698329264825,0.21790273389368728,0.4921100483058461,0.1836459394117752
2017-02-01,-0.59828475776805,-0.8867759233170041,0.02032253476728691,0.4800346352320885,0.49271227531603695
2017-03-01,0.5172303309793881,-0.7476442117085749,0.2574187737189674,0.43777068947393705,0.025282531900584822
2017-04-01,0.8917355860953605,0.6115200020013029,0.21790273389368728,0.2626771999044525,-0.007584726105970191
2017-05-01,-0.05043799844064367,-0.7291943538282071,0.02032253476728691,0.2566394933675737,0.2542822932910692
2017-06-01,0.04163835476675886,0.5120941733934357,0.2574187737189674,0.11173453648248308,0.2775374028469851
2017-07-01,-0.42724786633184775,-0.12042022995026835,0.21790273389368706,0.12380994955624064,0.06291452191019288
2017-08-01,-0.6113707617999109,1.2669652414338612,0.02032253476728691,0.05135747111369539,-0.14040074910032765
2017-09-01,-0.06637011207764527,0.44935420669511816,-0.0191935050579932,0.05135747111369539,0.24431312970768093
2017-10-01,1.113470814425605,-1.5646976807092208,0.000564514854646857,0.14796077570375576,0.5373034035363401
2017-11-01,0.07653972830873884,0.679850484627195,0.02032253476728691,0.1358853626299982,0.22821821610713894
2017-12-01,0.030625292644588176,-0.20572912056002424,0.27717679363160763,0.0815460037980893,0.5785358911071017
2018-01-01,-0.17690729923976142,0.770216346761448,0.21790273389368706,0.12380994955624064,1.1060407244716821
2018-02-01,0.07990518114303957,-0.5657741552941942,0.02032253476728691,0.2868280260519676,-1.0147677550551872
2018-03-01,0.3392870592120844,-0.9058618222938112,0.17838669406840738,0.22041325414630117,-0.18863990887861234
2018-04-01,0.9783080502559424,0.8674790835576582,0.35620887328216744,0.12984765609311943,-0.6707837031991781
2018-05-01,-1.1268723696634244,-0.12830046898797473,0.02032253476728691,0.19022472146190725,0.32922893233243133
2018-06-01,0.6395239754644777,-0.49310897614046245,0.23766075380632753,0.07550829726121051,0.3707230700728813
2018-07-01,-0.0051824522582795095,-0.04681250379912811,0.17838669406840693,0.009093525355543915,0.22677973232187099
2018-08-01,0.5030747298098021,0.36007340694490264,0.000564514854646857,0.009093525355543915,0.4628101204169724
2018-09-01,-0.10647542214675662,0.09587040449688108,0.07959659450520708,0.05135747111369539,0.2545195355399052
2018-10-01,-0.29105373981149124,0.09668630878069283,0.47475699275800776,-0.002981887718213649,-1.2909989271356401
2018-11-01,-0.09147717060074827,-1.1028856894513706,0.02032253476728735,-0.02713271386572871,-0.7879931199543281
2018-12-01,-0.14915346333440957,0.4988637252986071,0.13887065424312683,-0.24449014919336468,-1.7919271535106982
2019-01-01,-0.8763625345538645,-0.5456425429113224,0.2574187737189671,-0.3954328126153341,0.26341756199822
2019-02-01,-0.751537681825255,1.3748586333948718,0.000564514854646857,-0.4135459322259704,1.3545935039011099
2019-03-01,-0.13544337184577127,0.2778923779731561,0.02032253476728735,-0.479960704131637,0.32365937953725693
2019-04-01,-0.792252556006191,-0.011312039853774332,0.020322534767286474,-0.5161869433529097,0.8014524742808249
2019-05-01,-0.05358840927993742,-1.2708338295663786,-0.05870954488327287,-0.5765640087216974,-0.6349310401732762
2019-06-01,-0.12818294038892453,-0.21013508357411997,-0.019193505057993637,-0.7697706179018183,0.1765670302492401
2019-07-01,-0.6864504184916188,0.9476339063907125,0.04008055467992696,-0.7878837375124547,0.8295855551456249
2019-08-01,0.5433799254172811,-0.5061966867442822,-0.5329020227866342,-0.8784493355656363,-1.0881361736231152
2019-09-01,-0.5316302098763439,0.22200302426626276,-0.1772576643591132,-0.7939214440493334,0.6308209322216282
2019-10-01,-1.0671713151496809,0.4614557185804685,-0.4143539033107939,-0.6550541937011216,-0.20574247831679873
2019-11-01,0.35195857333177993,-0.007622873619887958,-0.5526600426992743,-0.425621345299728,0.9907415185220236
2019-12-01,-0.4197891756724705,0.031548170003655625,0.000564514854646857,-0.3954328126153341,0.4673227426994695
2020-01-01,-0.8668823459376713,-0.3606059860936212,0.000564514854646857,-0.4558098779841219,0.7035991142774125
2020-02-01,0.1783009253231037,-0.5258631434465431,0.05983857459256703,-0.6309033675536064,-0.17173470443267053
2020-03-01,-4.374450901023713,-1.8158378588212964,-1.8369313370208769,-0.43769675837348554,-6.004751929265006
2020-04-01,-15.057767718031442,-1.2372542394478667,-1.1849166799037554,-0.21430161650897084,0.9534631190052298
2020-05-01,1.5512514984806838,2.5465561487252613,0.000564514854646857,-0.20826390997209204,1.368086345997605
2020-06-01,6.50469715385966,2.0698937394072257,0.05983857459256697,-0.19015079036145568,1.5322100934161413
2020-07-01,3.696416638967412,0.08621006709546163,0.020322534767286887,-0.26260326880400103,0.7364286870403652
2020-08-01,0.8492224884142193,-0.4947128712561421,0.02032253476728691,-0.24449014919336468,1.3763499230787677
2020-09-01,-0.16177669806263137,-0.4016533697987173,-0.0191935050579932,-0.2263770295827284,-0.37823818374455
2020-10-01,0.6687904680162952,-0.5040717401975839,0.000564514854646857,-0.15996225767706185,0.2685749221537346
2020-11-01,0.19666423370429703,0.3704248732302787,0.000564514854646857,-0.1116606053820316,0.8683242359747292
2020-12-01,1.2050165938162198,0.7433502225413319,0.000564514854646857,-0.07543436616075896,0.951108232735854
2021-01-01,0.3790845096687457,-0.6866260994473752,0.000564514854646857,0.015131231892422697,0.5615545802849369
2021-02-01,-3.710949551873114,0.337567615103756,-0.019193505057993172,0.12984765609311943,0.48075765718230373
2021-03-01,2.8312316418747767,0.6617322487918633,-0.019193505057993172,0.34720509142075545,0.027600302379989467
2021-04-01,0.010054471286353901,0.3544885628612018,0.000564514854646857,0.35928050449451304,1.4179802291168861
2021-05-01,0.7548038750826425,0.13905183956398404,-0.0191935050579932,0.35928050449451304,0.012983339186040528
2021-06-01,0.2110808969364993,0.6521349427656118,0.04008055467992694,0.2868280260519676,0.2997395049703364
2021-07-01,0.3018761389524277,-1.3851620947494139,0.04008055467992694,0.15399848224063456,0.6395436745881834
2021-08-01,-0.3937161165677788,-0.6415472715854238,-0.0191935050579932,0.1358853626299982,0.4024457560762121
2021-09-01,-1.4297392625503,0.6027394531035496,-0.019193505057993172,0.19626242799878604,-0.21802670765752116
2021-10-01,1.2295510368992824,1.8320840573774002,0.000564514854646857,0.3230542652732403,-0.07019394718549177
2021-11-01,0.5361999921512048,-0.387397482663196,0.000564514854646857,0.31097885219948274,1.0861238048827888
2021-12-01,-0.48087017337865817,-0.5992624167473484,0.000564514854646857,0.25060178683069495,-0.12062204488039029
2022-01-01,-0.5806649521838704,-0.3119781005456929,0.000564514854646857,0.43173298293705825,-0.7669255819033488
2022-02-01,0.47515026587266135,0.31287722774834886,0.000564514854646857,0.5343739940639975,-1.0090071490382033
2022-03-01,0.433281366712371,1.5122667502178553,0.23766075380632734,0.5826756463590277,-0.44389634067851874
2022-04-01,-0.1237790209874093,-2.901441202239445,0.2574187737189674,0.8785232666660877,-0.1640501450120016
2022-05-01,-0.285480738072371,2.296639611593211,0.8699173910108086,0.7094674836334821,-2.4636381868665493
2022-06-01,-0.5031002287447446,1.096625525169728,0.8699173910108084,0.5947510594327853,-1.1477672611847594
2022-07-01,0.03840808235776623,-4.5702738780529275,0.9291914507487287,0.1721116018512709,-0.07389750361419607
2022-08-01,-0.3067430304642758,0.2760861842474015,1.2848358091762497,-0.23845244265648596,1.5249879558936226
2022-09-01,0.02837349158175645,1.301794604567393,0.4549989728453677,-0.015057300791971213,-2.2888644369198006
2022-10-01,-0.21535938924234585,0.48308813916198484,1.027981550311929,-0.039208126939486276,-1.071379723851164
2022-11-01,-0.48480533643407486,-1.0765848875492492,1.3836259087394491,-0.4980738237422733,1.218921952253544
2022-12-01,-1.4215072037037522,-0.8915273972314399,0.6328211520591278,-0.8663739224918787,-0.2002725463621117
2023-01-01,0.6012916016505938,1.8571260887402274,0.45499897284536855,-1.0656182382088786,0.17435108385651382
2023-02-01,-0.03200276554136426,-0.6820550116253042,0.4747569927580082,-1.0776936512826356,0.6531354399905834
2023-03-01,0.22051914310045376,-0.7960925993973403,0.1586286741557673,-1.1803346624095752,-0.9266030854861149
2023-04-01,0.06698864305857577,0.7765012983358555,0.356208873282167,-1.4097675108109686,0.8794743739378683
2023-05-01,-0.5126410204964145,-0.6445738181892849,0.45499897284536683,-1.476182282716635,0.0007143038215119453
2023-06-01,-1.0218671530212913,0.22292412714454166,0.04008055467992785,-1.3856166846634537,1.1312278527826414
2023-07-01,0.6491566037686279,-0.10602750890238687,0.07959659450520708,-1.3192019127577868,0.8505935270549078
2023-08-01,-0.24525230605242573,1.0338374399906276,0.4154829330200876,-1.2829756735365143,-0.4765991174091269
2023-09-01,0.014620420076558987,-0.3398393748461716,0.000564514854646857,-1.1561838362620598,-0.46476679236928636
2023-10-01,-0.7517576844564429,-0.9171000480070167,0.000564514854646857,-0.9026001617131514,-1.0530978303171983
2023-11-01,0.23799695726365958,0.03352538512291138,0.000564514854646857,-1.083731357819515,1.0418657656478576
2023-12-01,-0.44739555054639046,0.1610242816509282,0.000564514854646857,-1.373541271589696,1.1944049814928197
2024-01-01,-1.6293374332605712,0.42049751103229777,0.000564514854646857,-1.3493904454421808,0.5945613329285323
2024-02-01,0.9461859367802774,0.35612077773831435,0.000564514854646857,-1.2588248473889994,0.9390424555131616
2024-03-01,0.00592521266576761,0.11682078505060707,0.000564514854646857,-1.2588248473889994,0.6958705800268156
2024-04-01,-0.39946159515126173,-0.817971700212768,0.000564514854646857,-1.0595805316719995,-0.47609360629851555
2024-05-01,0.4735245551522621,-0.6117617195737305,0.000564514854646857,-1.0958067708932724,0.4907072342206361
2024-06-01,-0.14259737385933877,-0.3301238274188743,0.000564514854646857,-1.1984477820202115,0.768533431054331
2024-07-01,-1.1371475618317028,0.7537332180207997,0.000564514854646857,-1.2346740212414842,0.4551078411397209
2024-08-01,0.3031296052655661,-0.041196076226856004,0.000564514854646857,-1.4641068696428776,-0.46390943923677125
2024-09-01,-0.8292541464604352,0.19914154071069393,-0.39459588339815427,-1.4339183369584838,0.5473897480036231
2024-10-01,-0.5328764097382662,0.25741591032619243,-0.592176082524554,-1.023354292450727,0.6633274880897142
2024-11-01,-0.36236578761884225,-0.008564620668336043,-0.3748378634855147,-0.7576952048280607,0.48390514915791205
2024-12-01,0.9161363270528429,0.19756727402024976,-0.3155638037475923,-0.6369410740904853,0.21025727272011865
2025-01-01,-0.4507477119239508,0.3111525277187602,-0.2958057838349544,-0.4014705191522129,-0.3087831258757878
2025-02-01,0.9075514883184383,-0.7318393304233817,0.000564514854646857,-0.5101492368160309,0.10759849375687587
2025-03-01,-0.23626492315603906,-0.6964144646920003,0.000564514854646857,-0.6127902479429701,-1.8354184384481764
2025-04-01,-0.08384214900821757,0.4608224265972228,0.000564514854646857,-0.6127902479429701,-1.7355234496931096
2025-05-01,-0.34407070833393055,-0.22861568431466223,0.000564514854646857,-0.5282623564266673,2.0167998951117294
2025-06-01,0.35841113245233536,0.5557353537895896,0.000564514854646857,-0.5524131825741824,0.8572020344270529
2025-07-01,0.2550713301881202,-0.09655801977833296,0.000564514854646857,-0.5463754760373035,1.029892429301399
2025-08-01,-0.45343932886042637,0.42893813963287997,0.000564514854646857,-0.6248656610167277,0.32444107931839783
2025-09-01,-0.13010721159485558,-0.19497542819033647,-0.21677370418439418,-0.6490164871642428,0.5797617794364684
2025-10-01,-0.6402065516854645,-0.5318818761300772,-0.25628974400967347,-0.5946771283323338,0.46449583889820006
2025-11-01,-0.3190319990732102,0.41008836175887275,-0.4143539033107939,-0.4558098779841219,-0.14293444258546578
2025-12-01,0.37572201284532675,-0.06961756333965698,-0.3155638037475932,-0.3350557472465464,0.29124129929427733
2026-01-01,-0.1914052239663746,-0.46123055065442226,-0.15749964444647357,-0.23845244265648596,0.14059194183148604
2026-02-01,0.5976509667604807,0.3435490427766613,0.000564514854646857,-0.28675409495151616,-0.30527871825079567
2026-03-01,-0.7463491867961508,2.146987805503571,0.000564514854646857,-0.21430161650897084,-1.1399297668536177
