cluster,n_obs,r_squared,f_stat,f_pvalue,durbin_watson,bg_stat,bg_pvalue,coef_const,pvalue_const,coef_INDPRO,pvalue_INDPRO,coef_CPIAUCSL,pvalue_CPIAUCSL,coef_FEDFUNDS,pvalue_FEDFUNDS,coef_T10YFFM,pvalue_T10YFFM,coef_S&P 500,pvalue_S&P 500,coef_TWEXAFEGSMTHx,pvalue_TWEXAFEGSMTHx
0,638,0.8429777717637157,63.29734303723178,1.9721794251704356e-61,0.34691746986478544,469.7655027961028,2.3142664447709207e-100,-0.03214412687330653,0.2679288418044026,-0.017129049668671584,0.2704875414427951,-0.0017703319683562834,0.879753371968105,0.03365560046794105,0.17880236229619306,0.8032292186441566,6.1339210378969454e-77,-0.0037163480047689417,0.8415728890534124,0.031002275122879203,0.08435034596271503
1,638,0.9322449138989015,374.22311264127325,4.285273980508339e-204,2.3386829691921536,26.668280822965386,2.3196798644732856e-05,0.0040550110217487416,0.607490142618726,0.7844689557473002,6.450737467624068e-190,0.01510779605882968,0.2767608611621052,0.003189353146797867,0.7385243919234552,0.012337334224164567,0.1359506419746117,0.029822141906951753,0.004555003468344005,-0.01696050304959444,0.036920653246737725
2,638,0.10034966279255464,4.264455613146597,0.00031882925731988856,0.11823104659155101,590.0371508729535,2.2201360726250834e-126,-0.043174634280921956,0.5335998101953281,0.17375198785491344,0.009134500348681419,-0.01870602190338039,0.482142884806822,0.08352140642582202,0.046032737793323265,-0.16148668328502647,0.03295903270635224,-0.008813916894533856,0.8339567615556399,-0.10242139658212736,0.023140953960902273
3,638,0.47642905841686334,4.578289433592825,0.00014647562112646918,2.1336082164731023,50.66030611527335,2.628498206230424e-10,-0.017839748756138227,0.3348385680599274,-0.508303520600026,0.0017032905510953095,-0.07843589421263063,0.07550753354096636,0.048985726599284345,0.06667509695515722,0.01263108137846538,0.6056709626117804,-0.1308742349990126,0.012476037241565254,0.015747688356947655,0.2800095075452578
4,638,0.4551351637141593,48.65988723212673,3.994502995376609e-49,1.65345931539042,49.12420131290755,5.500621494894597e-10,-0.007419062661894542,0.7797633072851822,0.02960050882146399,0.32607306337095654,0.03721724147723565,0.1460617961940661,0.5276804573052116,1.096876225194093e-22,0.037584996802468656,0.3237899999476975,-0.09422293812973734,0.00766059488782967,0.15292921580605337,3.679562848378159e-07
5,638,0.09844215610882667,5.992854400661805,4.158080934704133e-06,2.5116403475765168,72.53051629904878,6.629833701114101e-15,-0.02195469265671129,0.32450972053492555,0.262700174497475,0.0002514977821314213,0.0022800633444426486,0.9439846717919552,-0.004870227402426705,0.8460412573785544,-0.0009759400393807935,0.9622164902858569,0.01719943732336931,0.5424385576450352,0.07951091098150033,0.005069878181650889
6,638,0.3133140094363003,19.87601962812413,2.5049457406208502e-21,2.9041584497413337,227.30150592857083,5.029004621778231e-48,-0.0024245079538613196,0.8353014695185047,-0.04387337568205779,0.24721648112135275,0.37074358376126,6.424009700324302e-20,-0.0024088197990909943,0.8854423314298479,0.005512771279647962,0.693279647925763,0.0495837701493193,0.025800020568970457,-0.06131968849993441,0.011062748740254686
7,638,0.1714704647934736,9.481750719374377,5.475953101270678e-10,0.49602019804998954,391.94392326184857,1.5306040776001104e-83,0.01209169097111887,0.7493334097434012,0.13922389050264966,0.0002201020609893545,-0.016867671492018108,0.41674648817142645,0.0788559314920394,0.010936449030005464,-0.07685452884411346,0.022811350056343292,-0.021602550142891416,0.41986356500067235,-0.13682332178668835,7.48157779077972e-08
8,638,0.013410201698445312,1.2047177902252282,0.30186662607190234,2.8933354654535504,207.21798129930696,1.0537949111152412e-43,0.0017015683463367944,0.9159789728203068,0.04326819952948535,0.13893752448015534,0.06791319287945918,0.042596228732607426,-0.01747382954221325,0.2529313545030384,0.006296177006219697,0.6861468481801616,-0.03255487523902674,0.22117337607665488,0.052998281620751285,0.06090575646566044
9,638,0.08692000717648929,5.574165791798271,1.2020584104560448e-05,2.8481190752913217,189.70641122193837,6.128904494122718e-40,0.001277961193824037,0.9192460330757124,0.035840678337763936,0.06992681082260711,0.16649979018942807,5.557692862722683e-06,-0.0008412221772779492,0.9660428134634084,-0.017746507750940242,0.23258735120222884,0.03362557766241836,0.21523567568585156,-0.028657323118059477,0.1241063977824628
10,638,0.21160276191355543,21.33705731066239,7.204809361473277e-23,1.224909841046668,135.35665856288867,2.782881862625042e-28,0.02436842760081808,0.4677412402133493,-0.0052480119914679775,0.9495775652023326,0.027422996847415514,0.26484634338953095,-0.04799010951284777,0.1985566889962549,-0.06554134459487242,0.03535218328434889,-0.2629520075190518,1.295663422598912e-18,-0.02633804873736686,0.2881246095105411
11,638,0.06676015313873129,2.3720935358165636,0.028335788795808756,2.096762005193789,86.68082347886855,6.672645610660876e-18,-0.005403371035979897,0.8207658795202327,-0.16090650653211078,0.060081646476268964,-0.1137445812094275,0.1426042450131051,0.04764706015664739,0.05951206918458392,0.017089264779971382,0.5758161985909549,-0.12246365579112212,0.04173421872527061,0.03435783472255105,0.3668505934287487
12,638,0.874185320550132,104.73690673266303,2.542665136463203e-91,2.920541542742963,211.9895207920622,9.917973872407731e-45,0.0007153079111457414,0.9159793102213631,-0.001112906646420869,0.9361280347925667,0.8790467211607124,2.1289388037887966e-73,-0.017215975919995116,0.23974721299962165,-0.001741042023433699,0.8698775935726115,0.020101675283451484,0.13014344262805103,-0.0242470645882643,0.0787638896976514
13,638,0.004707048890806642,0.5432377689968942,0.7754047983399861,3.1910118348319334,350.4948433759962,1.371306597891994e-74,-0.002234042154675507,0.8650365052425818,-0.013898558535068767,0.7801851353290636,0.010357207343630196,0.7679402886937642,-0.03748049776398086,0.1263268134845319,0.007604943676242384,0.6732286185594658,-0.012791749583349332,0.6157566932426752,-0.018054702721101674,0.500416026913811
14,638,0.6082583288110098,13.63409786261631,1.3770043494756649e-14,2.2015269589225337,28.796297000333325,8.59868541390769e-06,-0.007976138549652354,0.6021813385875583,0.5402878475706885,0.0014206377731623312,0.04332696734026677,0.03496834562278973,-0.029443088304427635,0.4110568481961151,-0.03606064094555503,0.14644020418770481,0.03713483346555503,0.03583805297548304,-0.009007662593063265,0.5351550414358208
15,638,0.00821235589943714,1.385130038302173,0.2181190631528148,2.676407510408804,165.3281860568353,1.0519125913087292e-34,0.0007039144156029385,0.9663233823193975,0.06532644862582554,0.015637995705606707,0.02236600634715382,0.5830451189823539,-0.030551281540593382,0.10536448644290447,-0.0020208632577255934,0.9116451427960223,-0.010096362974165678,0.8055865747681477,-0.008206452335650203,0.7965489435496114
16,638,0.27639324459152215,15.806108636703257,5.837233047661636e-17,1.9405607152628517,17.561191329243297,0.0015031456360089692,-0.025280317507056466,0.1897110308343798,-0.2507969200370554,0.049357655624142745,-0.06346767752024,0.0008581936613177674,-0.020508847994097412,0.4661303512400765,0.06030547502162428,0.010183616818406408,0.13324172522833252,2.123990367902582e-09,0.0013166185385219402,0.9392466668867724
17,638,0.0467755781323872,3.6684397523620884,0.0013699805493163377,2.4631641993688818,95.65300811826067,8.276921354290461e-20,0.0030956518244952126,0.8787266971375112,0.04554751871147752,0.1627568120010624,0.14241356325979385,0.00037254377408921317,0.016306103420090475,0.6109993190012304,-0.016587601335307737,0.4560554018582442,0.039903066001052284,0.18631685319240476,-0.044946185307015926,0.09394369620296937
18,638,0.74334782522405,308.14229170014136,8.218927078343501e-184,2.536617461841539,46.598489759119246,1.8486695761185592e-09,0.0031831589217145226,0.761005098474123,0.0028181125799762847,0.7187833911917177,-0.00018313773920484956,0.9832552138987375,0.007539183307189497,0.5543293237060825,-0.004700187540056155,0.6644504632184713,0.005940266162295178,0.6394110620553035,0.5574635332403985,2.636178511197609e-268
