cluster,n_obs,r_squared,f_stat,f_pvalue,durbin_watson,bg_stat,bg_pvalue,coef_const,pvalue_const,coef_INDPRO,pvalue_INDPRO,coef_CPIAUCSL,pvalue_CPIAUCSL,coef_FEDFUNDS,pvalue_FEDFUNDS,coef_T10YFFM,pvalue_T10YFFM,coef_S&P 500,pvalue_S&P 500
0,735,0.8294935761021563,80.81799167764831,1.7277686654338544e-67,0.3330795552718946,543.1635362853631,3.0834258885035176e-116,1.3335686721571705e-17,0.9999999999999996,0.0011301323839130511,0.9472261617335549,-0.006322755309784327,0.5593812960897464,0.023878140587531425,0.3738888568230837,0.8014311689945639,4.582937270458055e-86,-0.005935682060043069,0.7468206951412486
1,735,0.9305056341381477,464.60645587642136,7.504941817788969e-224,2.3182797520365153,24.846115332043276,5.402391622110341e-05,1.629691390517274e-17,0.9999999999999981,0.7791904537597959,1.1558084149383327e-195,0.016049949181408674,0.23015949068754027,0.004482772417790592,0.6061423369930634,0.016053091522597596,0.04180396685225996,0.029128634242735547,0.007896182719393154
2,735,0.08383621591166279,3.811385621118891,0.002049169145429307,0.10813393338064788,686.7956737514347,2.5192702747893776e-147,5.014435047745458e-16,0.999999999999994,0.19383732536415876,0.0037422529604834833,-0.005608712199006842,0.8196157063995118,0.07430339887369783,0.0698734084862593,-0.1307436803964625,0.07477857316023188,0.015841948274560095,0.7105317183992019
3,735,0.4495172702196235,6.199136267785411,1.2207060236524556e-05,2.1157310589446716,56.21540568352037,1.807122900381767e-11,7.48099499014998e-18,0.9999999999999997,-0.47336118562925883,0.00302915842516815,-0.07171641792425308,0.09037380327205492,0.036194724690418574,0.13493945848251745,0.004628763732822082,0.8439653678497919,-0.12512387344724937,0.010389008825886474
4,735,0.42429922945653475,37.1991436363419,5.213971666097052e-34,1.6808873136008342,50.26121521199284,3.184676316546023e-10,1.5720931501039814e-18,1.0,0.03361495490691688,0.24822918811143924,0.0269441937198472,0.3011422362036873,0.5349106444786438,7.3000333063293615e-25,0.02849512688692012,0.4335091483711757,-0.12545288616470118,0.00027108764687421445
5,735,0.09894604920923522,4.460695601009046,0.0005203647728409223,2.4928118565824526,80.73166534816222,1.218942959061677e-16,-1.8648277366750676e-17,0.9999999999999992,0.2748632184259112,9.935454192002101e-05,-0.00194481702883202,0.9483340636453824,-0.006876721714077307,0.7813248886647256,-0.014991761739373196,0.448194047931852,-0.0037285589885867635,0.8900111828958341
6,735,0.28832203151189884,18.57442786358973,2.151330214925205e-17,2.911177218153623,265.53863380632123,2.919945948431999e-56,2.0166160408230382e-17,0.9999999999999983,-0.04019637433641048,0.23707202278370632,0.3528577163336866,3.4971997120773193e-20,-0.008872671759982553,0.5754453346520069,0.005267907520411109,0.669595805671942,0.05872738503731114,0.005948660304186276
7,735,0.11864511146389456,6.579452741055334,5.319139544914597e-06,0.5769145633498166,408.8692953874862,3.371586361458106e-87,8.582544397395253e-16,0.9999999999999808,0.14415908379690356,1.3421227221090534e-05,-0.004292667775927008,0.8180924947474473,0.06733746987803636,0.03729665389999157,-0.07815007672195308,0.01945518880087184,0.00016470663411000076,0.9954475833795607
8,735,0.009532633904378307,1.2501397602855837,0.28385072323597293,2.9006032164530704,243.01395924226725,2.08137373748056e-51,-2.507217523872729e-18,0.9999999999999999,0.03923106740648502,0.13675065516175203,0.05979611623593774,0.046475888545313586,-0.0065539552365008495,0.6204066009488249,0.007563018535276028,0.6075399761167098,-0.03670253274067965,0.12322298821745616
9,735,0.059846511394199386,6.368012289705297,8.443915163218251e-06,2.9621297282556838,243.03906544606792,2.055619963263045e-51,1.496198998029996e-17,0.999999999999999,0.041383587140540155,0.03257940476185656,0.15019734273717011,3.285049504097243e-05,-0.010092708859028599,0.5944434154454832,-0.01826409244260678,0.21644697645026467,0.040117968926387956,0.1124612231469416
10,735,0.20947811494307855,24.569146677035217,6.573378457211252e-23,1.2836500162541824,137.49206000179007,9.716234997166664e-29,3.724234462487708e-17,0.999999999999999,-0.015688576816530516,0.8412652294146352,0.0366942302147422,0.12645109107940733,-0.06101571988706481,0.10745675599882075,-0.05217862798385799,0.07593461647326678,-0.2641997514228705,1.2229819245806875e-19
11,735,0.05798607060751848,2.416619691494104,0.03466933240987321,2.1130193804049853,106.63721374873549,3.7929042092728037e-22,-5.0852470021359175e-17,0.9999999999999982,-0.14462243278250853,0.08206220218910767,-0.1139513515169711,0.11176900484229944,0.0444175258233999,0.06230601429703916,0.01545755823331119,0.5882823486286497,-0.11155784968824094,0.059864626433883135
12,735,0.8265943596664739,86.8717057296816,1.2414092446537496e-71,2.93295728967802,253.90341304162516,9.389024500722364e-54,9.107298248878237e-18,0.9999999999999989,-0.0026617315901552633,0.8661852561883785,0.8343015518409983,1.0225047235649185e-75,-0.012560618743975835,0.3546736478794855,-0.0028725852596674906,0.7706083179000409,0.028520420652752433,0.052575572226977625
13,735,0.004165830328855646,0.8722157716427418,0.4992382792252995,3.199406305585881,397.60144165467625,9.173625295009269e-85,-2.2659825404947043e-17,0.9999999999999986,-0.003983448676786318,0.9294406473653604,0.016834847022214897,0.6157208690561333,-0.04712931723985431,0.05793651039794987,0.004191070196711711,0.8035740459821391,0.008026012748050022,0.7501359331908477
14,735,0.5943403788615981,14.592203309984034,1.195504362088758e-13,2.1827620030461796,25.85580071389968,3.383528690905857e-05,-1.0570971181733668e-17,0.9999999999999994,0.5162066409735677,0.001443168779999796,0.03884012950460679,0.049861852949864706,-0.014560254601094735,0.6596062373307287,-0.04113406762334634,0.0764564763924522,0.03967682658908777,0.01058615768449619
15,735,0.008049799834625726,1.9873499325411725,0.07841551137525475,2.674213922776996,182.76674011441457,1.8980185266440977e-38,-2.805373121306243e-17,0.9999999999999986,0.06216234186928059,0.016643714918769696,0.01984583653557878,0.6007451943582549,-0.040654945197110076,0.028442136720379967,-0.003309562410931407,0.8485060667072071,0.0009547979507331099,0.9809798208350656
16,735,0.255149760252935,20.19400150080941,6.723232303531209e-19,1.8756519952307333,21.080469739469418,0.0003052451736616971,1.452830911130576e-17,0.9999999999999994,-0.22145792498915512,0.07816831031890005,-0.06335624322788724,0.00019957476262354575,-0.03245363058144648,0.2360945226444494,0.056590321225648145,0.012991195600515267,0.13546295360302724,3.591109959821998e-11
17,735,0.03972993634759037,4.3360123260195484,0.0006782368735019709,2.5103402069817307,116.83523916386977,2.532010011503732e-24,-1.8756697583999227e-17,0.9999999999999992,0.05299937222109106,0.08148188657579372,0.14938330689086557,0.00016210749616575674,-0.0017994733422198306,0.9524736864436446,-0.01907334487614051,0.36482582651454853,0.03418204888869278,0.22946694620879904
18,735,0.0384699143095002,4.285360177035062,0.0007551521628687404,1.7770750337032315,14.286528461843217,0.006434551610750035,-9.812029660993815e-18,0.9999999999999997,-0.003998185245769248,0.8186500720776735,-0.05724241333085669,0.010982273748573725,0.0660390661760786,0.023821962191505782,-0.01820088553198604,0.42514248436944324,-0.07003573375839878,0.010779114576900967
