cluster,variavel,pvalue_ols_classico,pvalue_hac,mudou_significancia
0,INDPRO,0.23347674712150882,0.2704875414427951,False
0,CPIAUCSL,0.8982063697780901,0.879753371968105,False
0,FEDFUNDS,0.019210742709559126,0.17880236229619306,True
0,T10YFFM,1.6709686367396324e-252,6.1339210378969454e-77,False
0,S&P 500,0.7913263513382437,0.8415728890534124,False
0,TWEXAFEGSMTHx,0.032142444349587705,0.08435034596271503,True
1,INDPRO,0.0,6.450737467624068e-190,False
1,CPIAUCSL,0.0772653625074687,0.2767608611621052,False
1,FEDFUNDS,0.7186298907154691,0.7385243919234552,False
1,T10YFFM,0.1539040573089669,0.1359506419746117,False
1,S&P 500,0.0006160563804649142,0.004555003468344005,False
1,TWEXAFEGSMTHx,0.05742426701940777,0.036920653246737725,True
2,INDPRO,4.448282125674393e-07,0.009134500348681419,False
2,CPIAUCSL,0.5686522580752376,0.482142884806822,False
2,FEDFUNDS,0.014279100752698785,0.046032737793323265,False
2,T10YFFM,1.455527374355098e-06,0.03295903270635224,False
2,S&P 500,0.7912706804728605,0.8339567615556399,False
2,TWEXAFEGSMTHx,0.0028789507799277243,0.023140953960902273,False
3,INDPRO,7.02239317732731e-80,0.0017032905510953095,False
3,CPIAUCSL,0.00046296208718390883,0.07550753354096636,True
3,FEDFUNDS,0.03431697003223945,0.06667509695515722,True
3,T10YFFM,0.57572423970011,0.6056709626117804,False
3,S&P 500,1.1326499227179253e-08,0.012476037241565254,False
3,TWEXAFEGSMTHx,0.4985900487757612,0.2800095075452578,False
4,INDPRO,0.2741531104101169,0.32607306337095654,False
4,CPIAUCSL,0.15354307178855447,0.1460617961940661,False
4,FEDFUNDS,6.975641539842197e-67,1.096876225194093e-22,False
4,T10YFFM,0.15452533946530242,0.3237899999476975,False
4,S&P 500,0.00039264361941702784,0.00766059488782967,False
4,TWEXAFEGSMTHx,2.7811529593800496e-08,3.679562848378159e-07,False
5,INDPRO,8.931778073992201e-14,0.0002514977821314213,False
5,CPIAUCSL,0.945229667859622,0.9439846717919552,False
5,FEDFUNDS,0.8874121419431685,0.8460412573785544,False
5,T10YFFM,0.9768263343305189,0.9622164902858569,False
5,S&P 500,0.6096770763655809,0.5424385576450352,False
5,TWEXAFEGSMTHx,0.021984207703343167,0.005069878181650889,False
6,INDPRO,0.0699595700870188,0.24721648112135275,False
6,CPIAUCSL,2.9585960520210185e-48,6.424009700324302e-20,False
6,FEDFUNDS,0.920500403438496,0.8854423314298479,False
6,T10YFFM,0.8150997373801486,0.693279647925763,False
6,S&P 500,0.0362380409765775,0.025800020568970457,False
6,TWEXAFEGSMTHx,0.01184607541484487,0.011062748740254686,False
7,INDPRO,2.4977970865848274e-11,0.0002201020609893545,False
7,CPIAUCSL,0.39294245176554937,0.41674648817142645,False
7,FEDFUNDS,0.00012707345427947825,0.010936449030005464,False
7,T10YFFM,0.00013131057105224245,0.022811350056343292,False
7,S&P 500,0.2811237148819142,0.41986356500067235,False
7,TWEXAFEGSMTHx,6.593036904751902e-11,7.48157779077972e-08,False
8,INDPRO,0.21350039928110123,0.13893752448015534,False
8,CPIAUCSL,0.04283651196581423,0.042596228732607426,False
8,FEDFUNDS,0.6145794710503878,0.2529313545030384,False
8,T10YFFM,0.852615262933816,0.6861468481801616,False
8,S&P 500,0.33818563859052986,0.22117337607665488,False
8,TWEXAFEGSMTHx,0.1296583309187056,0.06090575646566044,False
9,INDPRO,0.15113826536175817,0.06992681082260711,False
9,CPIAUCSL,1.0236288727138524e-11,5.557692862722683e-06,False
9,FEDFUNDS,0.9730514553784292,0.9660428134634084,False
9,T10YFFM,0.46569442701538977,0.23258735120222884,False
9,S&P 500,0.16824057261736972,0.21523567568585156,False
9,TWEXAFEGSMTHx,0.2533536905926681,0.1241063977824628,False
10,INDPRO,0.8097155383754763,0.9495775652023326,False
10,CPIAUCSL,0.19169375944260886,0.26484634338953095,False
10,FEDFUNDS,0.027687888200781243,0.1985566889962549,True
10,T10YFFM,0.0021191543232722703,0.03535218328434889,False
10,S&P 500,1.5855760430438318e-31,1.295663422598912e-18,False
10,TWEXAFEGSMTHx,0.22952672351205172,0.2881246095105411,False
11,INDPRO,2.9199992087496308e-05,0.060081646476268964,True
11,CPIAUCSL,0.0020873349576283843,0.1426042450131051,True
11,FEDFUNDS,0.21212603007235392,0.05951206918458392,False
11,T10YFFM,0.6466370163286003,0.5758161985909549,False
11,S&P 500,0.001102055097625151,0.04173421872527061,False
11,TWEXAFEGSMTHx,0.37144668786906104,0.3668505934287487,False
12,INDPRO,0.9367060160590213,0.9361280347925667,False
12,CPIAUCSL,2.3011156379351622e-282,2.1289388037887966e-73,False
12,FEDFUNDS,0.21873353420340982,0.23974721299962165,False
12,T10YFFM,0.8986064608685869,0.8698775935726115,False
12,S&P 500,0.14262184598589064,0.13014344262805103,False
12,TWEXAFEGSMTHx,0.08557586686445136,0.0787638896976514,False
13,INDPRO,0.6537529157560421,0.7801851353290636,False
13,CPIAUCSL,0.728532817815223,0.7679402886937642,False
13,FEDFUNDS,0.22582325521959296,0.1263268134845319,False
13,T10YFFM,0.8012286388134808,0.6732286185594658,False
13,S&P 500,0.6727789885667742,0.6157566932426752,False
13,TWEXAFEGSMTHx,0.5621459719103441,0.500416026913811,False
14,INDPRO,5.3484612878682834e-124,0.0014206377731623312,False
14,CPIAUCSL,0.012506274558957555,0.03496834562278973,False
14,FEDFUNDS,0.10103880045317735,0.4110568481961151,False
14,T10YFFM,0.039873078149898517,0.14644020418770481,True
14,S&P 500,0.03481088757089998,0.03583805297548304,False
14,TWEXAFEGSMTHx,0.6179985349402378,0.5351550414358208,False
15,INDPRO,0.04104455658840083,0.015637995705606707,False
15,CPIAUCSL,0.46701777916637904,0.5830451189823539,False
15,FEDFUNDS,0.3378405919525875,0.10536448644290447,False
15,T10YFFM,0.948227009842863,0.9116451427960223,False
15,S&P 500,0.7462784297248388,0.8055865747681477,False
15,TWEXAFEGSMTHx,0.7981428995185694,0.7965489435496114,False
16,INDPRO,2.4046324232598175e-32,0.049357655624142745,False
16,CPIAUCSL,0.0010438690911899083,0.0008581936613177674,False
16,FEDFUNDS,0.3048550028428047,0.4661303512400765,False
16,T10YFFM,0.0020783873056400984,0.010183616818406408,False
16,S&P 500,2.2353862766967824e-11,2.123990367902582e-09,False
16,TWEXAFEGSMTHx,0.9478217797224419,0.9392466668867724,False
17,INDPRO,0.16519951396679441,0.1627568120010624,False
17,CPIAUCSL,7.707352732619937e-06,0.00037254377408921317,False
17,FEDFUNDS,0.618444408479748,0.6109993190012304,False
17,T10YFFM,0.6039449660186514,0.4560554018582442,False
17,S&P 500,0.21350869911599013,0.18631685319240476,False
17,TWEXAFEGSMTHx,0.17305284858790412,0.09394369620296937,False
18,INDPRO,0.8327178266896104,0.7187833911917177,False
18,CPIAUCSL,0.9886287974145095,0.9832552138987375,False
18,FEDFUNDS,0.5713850298494447,0.5543293237060825,False
18,T10YFFM,0.7178627472580089,0.6644504632184713,False
18,S&P 500,0.6487948094656508,0.6394110620553035,False
18,TWEXAFEGSMTHx,6.482080480923502e-183,2.636178511197609e-268,False
